meter_id,consumer_type,zone,substation_id,feeder_id,tariff_code,phase,contracted_kw,install_date,latitude,longitude,communication_protocol,firmware_version,meter_make,active,meter_address,ward_name
BSCM-000001,Residential,Electronic City,SS-ELE-06,FDR-ELE-01,LT-1,1-Phase,4.0,2021-05-18,12.986342,77.647623,RF Mesh,v3.1.2,Secure,True,"#727, Neeladri Road, Electronic City, Bengaluru 56033",Electronic City Ward
BSCM-000002,Agricultural,Whitefield,SS-WHI-01,FDR-WHI-01,LT-5,1-Phase,8.4,2021-10-21,12.919548,77.717325,GPRS,v4.1.0,Genus,True,"#728, ITPL Main Road, Whitefield, Bengaluru 56039",Whitefield Ward
BSCM-000003,Commercial,Yelahanka,SS-YEL-09,FDR-YEL-02,LT-2,3-Phase,18.7,2022-05-07,13.051782,77.682433,RF Mesh,v4.1.0,Secure,True,"#729, Doddaballapur Road, Yelahanka, Bengaluru 56010",Yelahanka Ward
BSCM-000004,Commercial,Whitefield,SS-WHI-01,FDR-WHI-03,LT-3,3-Phase,73.4,2020-11-22,12.922347,77.519948,GPRS,v3.1.2,HPL,True,"#730, ITPL Main Road, Whitefield, Bengaluru 56039",Whitefield Ward
BSCM-000005,Residential,Hebbal,SS-HEB-05,FDR-HEB-02,LT-1,1-Phase,5.0,2022-01-03,13.012009,77.652283,GPRS,v3.2.0,Landis+Gyr,True,"#731, Bellary Road, Hebbal, Bengaluru 56034",Hebbal Ward
BSCM-000006,Residential,Rajajinagar,SS-RAJ-04,FDR-RAJ-03,LT-1,1-Phase,7.5,2021-09-09,12.858025,77.578863,PLC,v3.1.2,Landis+Gyr,True,"#732, Dr Rajkumar Road, Rajajinagar, Bengaluru 56034",Rajajinagar Ward
BSCM-000007,Residential,Jayanagar,SS-JAY-03,FDR-JAY-03,LT-1,1-Phase,3.7,2021-02-26,12.885718,77.534908,PLC,v4.1.0,L&T,True,"#733, 11th Main Road, Jayanagar, Bengaluru 56010",Jayanagar Ward
BSCM-000008,Industrial,Electronic City,SS-ELE-06,FDR-ELE-01,HT-1,3-Phase,1736.1,2020-01-24,12.889996,77.67012,RF Mesh,v4.1.0,HPL,True,"#734, Neeladri Road, Electronic City, Bengaluru 56033",Electronic City Ward
BSCM-000009,Commercial,Koramangala,SS-KOR-02,FDR-KOR-02,LT-2,3-Phase,20.3,2022-11-09,13.04215,77.585044,PLC,v4.1.0,Landis+Gyr,True,"#735, 80 Feet Road, Koramangala, Bengaluru 56038",Koramangala Ward
BSCM-000010,Commercial,Jayanagar,SS-JAY-03,FDR-JAY-03,LT-3,3-Phase,78.6,2021-06-11,13.006325,77.710417,GPRS,v3.2.0,Genus,True,"#727, 11th Main Road, Jayanagar, Bengaluru 56010",Jayanagar Ward
BSCM-000011,Residential,Hebbal,SS-HEB-05,FDR-HEB-03,LT-1,1-Phase,6.8,2022-12-01,13.09633,77.701694,GPRS,v3.1.2,Landis+Gyr,True,"#728, Bellary Road, Hebbal, Bengaluru 56034",Hebbal Ward
BSCM-000012,Agricultural,Yelahanka,SS-YEL-09,FDR-YEL-01,LT-5,1-Phase,4.5,2020-03-12,13.014938,77.736712,GPRS,v4.0.1,L&T,True,"#729, Doddaballapur Road, Yelahanka, Bengaluru 56010",Yelahanka Ward
BSCM-000013,Commercial,Koramangala,SS-KOR-02,FDR-KOR-01,LT-2,3-Phase,45.9,2021-10-17,13.074904,77.612872,GPRS,v3.2.0,Secure,True,"#730, 80 Feet Road, Koramangala, Bengaluru 56038",Koramangala Ward
BSCM-000014,Residential,BTM Layout,SS-BTM-10,FDR-BTM-01,LT-1,1-Phase,2.1,2021-09-07,12.857853,77.582607,GPRS,v4.0.1,HPL,True,"#731, 16th Main Road, BTM Layout, Bengaluru 56087",BTM Layout Ward
BSCM-000015,Residential,Indiranagar,SS-IND-08,FDR-IND-03,LT-1,1-Phase,3.9,2020-04-08,13.014746,77.588574,NB-IoT,v4.1.0,Secure,True,"#732, 100 Feet Road, Indiranagar, Bengaluru 56040",Indiranagar Ward
BSCM-000016,Residential,Koramangala,SS-KOR-02,FDR-KOR-01,LT-1,1-Phase,5.2,2022-07-31,12.897552,77.612153,NB-IoT,v3.2.0,Genus,True,"#733, 80 Feet Road, Koramangala, Bengaluru 56038",Koramangala Ward
BSCM-000017,Residential,Hebbal,SS-HEB-05,FDR-HEB-01,LT-1,1-Phase,8.5,2020-06-08,12.985147,77.503689,RF Mesh,v3.2.0,Landis+Gyr,True,"#734, Bellary Road, Hebbal, Bengaluru 56034",Hebbal Ward
BSCM-000018,Residential,Marathahalli,SS-MAR-07,FDR-MAR-02,LT-1,1-Phase,3.3,2022-08-04,13.046282,77.571312,NB-IoT,v3.2.0,Landis+Gyr,True,"#735, BESCOM Service Road, Marathahalli, Bengaluru 56054",Marathahalli Ward
BSCM-000019,Residential,Indiranagar,SS-IND-08,FDR-IND-03,LT-1,1-Phase,8.0,2022-07-31,13.06318,77.539358,RF Mesh,v3.2.0,Secure,True,"#736, 100 Feet Road, Indiranagar, Bengaluru 56040",Indiranagar Ward
BSCM-000020,Residential,Whitefield,SS-WHI-01,FDR-WHI-01,LT-1,1-Phase,3.0,2020-08-28,13.004845,77.604806,PLC,v4.0.1,Landis+Gyr,True,"#728, ITPL Main Road, Whitefield, Bengaluru 56039",Whitefield Ward
BSCM-000021,Commercial,Electronic City,SS-ELE-06,FDR-ELE-02,LT-2,3-Phase,68.1,2020-09-13,13.083934,77.502329,RF Mesh,v3.1.2,L&T,True,"#729, Neeladri Road, Electronic City, Bengaluru 56033",Electronic City Ward
BSCM-000022,Residential,Whitefield,SS-WHI-01,FDR-WHI-02,LT-1,1-Phase,9.0,2022-07-15,13.025885,77.652919,RF Mesh,v4.0.1,Secure,True,"#730, ITPL Main Road, Whitefield, Bengaluru 56039",Whitefield Ward
BSCM-000023,Residential,Koramangala,SS-KOR-02,FDR-KOR-01,LT-1,1-Phase,7.9,2022-04-27,12.93572,77.671874,PLC,v4.1.0,Genus,True,"#731, 80 Feet Road, Koramangala, Bengaluru 56038",Koramangala Ward
BSCM-000024,Residential,Whitefield,SS-WHI-01,FDR-WHI-01,LT-1,1-Phase,8.6,2020-07-18,13.094949,77.540395,NB-IoT,v4.1.0,L&T,True,"#732, ITPL Main Road, Whitefield, Bengaluru 56039",Whitefield Ward
BSCM-000025,Residential,Hebbal,SS-HEB-05,FDR-HEB-03,LT-1,1-Phase,6.4,2022-01-31,12.881861,77.577065,RF Mesh,v4.0.1,Landis+Gyr,True,"#733, Bellary Road, Hebbal, Bengaluru 56034",Hebbal Ward
BSCM-000026,Commercial,BTM Layout,SS-BTM-10,FDR-BTM-02,LT-2,3-Phase,77.5,2020-08-22,12.890625,77.699972,GPRS,v4.1.0,Secure,True,"#734, 16th Main Road, BTM Layout, Bengaluru 56087",BTM Layout Ward
BSCM-000027,Residential,Yelahanka,SS-YEL-09,FDR-YEL-02,LT-1,1-Phase,4.1,2021-07-12,13.064648,77.555608,NB-IoT,v4.0.1,Genus,True,"#735, Doddaballapur Road, Yelahanka, Bengaluru 56010",Yelahanka Ward
BSCM-000028,Residential,Electronic City,SS-ELE-06,FDR-ELE-01,LT-1,1-Phase,7.3,2022-10-15,13.043332,77.587787,NB-IoT,v4.0.1,Secure,True,"#736, Neeladri Road, Electronic City, Bengaluru 56033",Electronic City Ward
BSCM-000029,Commercial,Whitefield,SS-WHI-01,FDR-WHI-01,LT-3,3-Phase,63.7,2021-06-07,12.959098,77.746059,RF Mesh,v4.1.0,L&T,True,"#737, ITPL Main Road, Whitefield, Bengaluru 56039",Whitefield Ward
BSCM-000030,Residential,Whitefield,SS-WHI-01,FDR-WHI-02,LT-1,1-Phase,6.2,2022-11-29,13.034259,77.549259,NB-IoT,v3.1.2,Genus,True,"#729, ITPL Main Road, Whitefield, Bengaluru 56039",Whitefield Ward
BSCM-000031,Commercial,Koramangala,SS-KOR-02,FDR-KOR-01,LT-2,3-Phase,70.0,2021-03-27,12.988603,77.54796,NB-IoT,v3.2.0,L&T,True,"#730, 80 Feet Road, Koramangala, Bengaluru 56038",Koramangala Ward
BSCM-000032,Residential,Yelahanka,SS-YEL-09,FDR-YEL-01,LT-1,1-Phase,4.3,2021-03-20,12.966247,77.61054,GPRS,v4.1.0,Landis+Gyr,True,"#731, Doddaballapur Road, Yelahanka, Bengaluru 56010",Yelahanka Ward
BSCM-000033,Residential,Jayanagar,SS-JAY-03,FDR-JAY-03,LT-1,1-Phase,2.7,2021-01-15,13.051641,77.536838,RF Mesh,v3.2.0,HPL,True,"#732, 11th Main Road, Jayanagar, Bengaluru 56010",Jayanagar Ward
BSCM-000034,Industrial,Whitefield,SS-WHI-01,FDR-WHI-02,HT-2,3-Phase,1464.9,2020-08-06,12.949913,77.536893,RF Mesh,v3.1.2,HPL,True,"#733, ITPL Main Road, Whitefield, Bengaluru 56039",Whitefield Ward
BSCM-000035,Agricultural,Hebbal,SS-HEB-05,FDR-HEB-03,LT-5,1-Phase,4.5,2020-01-07,12.883335,77.616161,PLC,v4.1.0,L&T,True,"#734, Bellary Road, Hebbal, Bengaluru 56034",Hebbal Ward
BSCM-000036,Commercial,Marathahalli,SS-MAR-07,FDR-MAR-02,LT-3,3-Phase,76.9,2020-06-02,12.91181,77.659415,NB-IoT,v3.2.0,Genus,True,"#735, BESCOM Service Road, Marathahalli, Bengaluru 56054",Marathahalli Ward
BSCM-000037,Residential,Electronic City,SS-ELE-06,FDR-ELE-01,LT-1,1-Phase,4.7,2021-05-25,12.945759,77.538201,GPRS,v3.1.2,HPL,True,"#736, Neeladri Road, Electronic City, Bengaluru 56033",Electronic City Ward
BSCM-000038,Residential,Whitefield,SS-WHI-01,FDR-WHI-02,LT-1,1-Phase,3.7,2022-07-28,13.023881,77.714183,NB-IoT,v4.1.0,Secure,True,"#737, ITPL Main Road, Whitefield, Bengaluru 56039",Whitefield Ward
BSCM-000039,Commercial,Hebbal,SS-HEB-05,FDR-HEB-02,LT-2,3-Phase,76.1,2020-07-27,12.972057,77.568234,NB-IoT,v3.1.2,HPL,True,"#738, Bellary Road, Hebbal, Bengaluru 56034",Hebbal Ward
BSCM-000040,Residential,Hebbal,SS-HEB-05,FDR-HEB-02,LT-1,1-Phase,8.7,2021-12-29,13.076732,77.647973,RF Mesh,v3.1.2,HPL,True,"#730, Bellary Road, Hebbal, Bengaluru 56034",Hebbal Ward
BSCM-000041,Residential,Electronic City,SS-ELE-06,FDR-ELE-01,LT-1,1-Phase,5.0,2021-06-18,12.944782,77.688002,NB-IoT,v4.0.1,Secure,True,"#731, Neeladri Road, Electronic City, Bengaluru 56033",Electronic City Ward
BSCM-000042,Residential,Jayanagar,SS-JAY-03,FDR-JAY-01,LT-1,1-Phase,3.8,2020-12-16,12.857757,77.561821,RF Mesh,v3.2.0,Landis+Gyr,True,"#732, 11th Main Road, Jayanagar, Bengaluru 56010",Jayanagar Ward
BSCM-000043,Residential,Hebbal,SS-HEB-05,FDR-HEB-03,LT-1,1-Phase,5.7,2021-09-12,13.090934,77.679589,GPRS,v4.0.1,Secure,True,"#733, Bellary Road, Hebbal, Bengaluru 56034",Hebbal Ward
BSCM-000044,Industrial,Marathahalli,SS-MAR-07,FDR-MAR-03,HT-2,3-Phase,244.4,2020-10-25,13.006811,77.525475,PLC,v3.1.2,L&T,True,"#734, BESCOM Service Road, Marathahalli, Bengaluru 56054",Marathahalli Ward
BSCM-000045,Residential,Hebbal,SS-HEB-05,FDR-HEB-02,LT-1,1-Phase,2.6,2020-11-04,12.97255,77.608381,PLC,v4.1.0,Landis+Gyr,True,"#735, Bellary Road, Hebbal, Bengaluru 56034",Hebbal Ward
BSCM-000046,Commercial,Hebbal,SS-HEB-05,FDR-HEB-03,LT-2,3-Phase,92.8,2021-05-28,13.056434,77.648119,PLC,v3.2.0,Secure,True,"#736, Bellary Road, Hebbal, Bengaluru 56034",Hebbal Ward
BSCM-000047,Residential,Hebbal,SS-HEB-05,FDR-HEB-02,LT-1,1-Phase,4.7,2020-10-17,12.938706,77.564588,PLC,v4.0.1,L&T,True,"#737, Bellary Road, Hebbal, Bengaluru 56034",Hebbal Ward
BSCM-000048,Residential,BTM Layout,SS-BTM-10,FDR-BTM-01,LT-1,1-Phase,7.8,2021-07-26,13.011476,77.622705,RF Mesh,v3.1.2,Genus,True,"#738, 16th Main Road, BTM Layout, Bengaluru 56087",BTM Layout Ward
BSCM-000049,Residential,BTM Layout,SS-BTM-10,FDR-BTM-02,LT-1,1-Phase,5.8,2020-11-07,12.932698,77.675714,PLC,v4.0.1,Genus,True,"#739, 16th Main Road, BTM Layout, Bengaluru 56087",BTM Layout Ward
BSCM-000050,Residential,Jayanagar,SS-JAY-03,FDR-JAY-02,LT-1,1-Phase,7.9,2022-04-02,13.034651,77.569125,PLC,v3.1.2,Landis+Gyr,True,"#731, 11th Main Road, Jayanagar, Bengaluru 56010",Jayanagar Ward
BSCM-000051,Agricultural,Whitefield,SS-WHI-01,FDR-WHI-02,LT-5,1-Phase,3.7,2022-11-04,12.923034,77.736022,NB-IoT,v3.1.2,Secure,True,"#732, ITPL Main Road, Whitefield, Bengaluru 56039",Whitefield Ward
BSCM-000052,Commercial,Hebbal,SS-HEB-05,FDR-HEB-02,LT-2,3-Phase,14.6,2021-01-04,13.055529,77.600177,RF Mesh,v3.1.2,Landis+Gyr,True,"#733, Bellary Road, Hebbal, Bengaluru 56034",Hebbal Ward
BSCM-000053,Industrial,Yelahanka,SS-YEL-09,FDR-YEL-02,HT-1,3-Phase,1552.4,2022-06-11,13.047685,77.556422,NB-IoT,v4.1.0,HPL,True,"#734, Doddaballapur Road, Yelahanka, Bengaluru 56010",Yelahanka Ward
BSCM-000054,Industrial,Whitefield,SS-WHI-01,FDR-WHI-02,HT-1,3-Phase,1924.2,2021-03-17,13.040684,77.656379,PLC,v3.1.2,Landis+Gyr,True,"#735, ITPL Main Road, Whitefield, Bengaluru 56039",Whitefield Ward
BSCM-000055,Commercial,Jayanagar,SS-JAY-03,FDR-JAY-01,LT-2,3-Phase,72.0,2022-11-27,12.922026,77.57068,NB-IoT,v3.1.2,Landis+Gyr,True,"#736, 11th Main Road, Jayanagar, Bengaluru 56010",Jayanagar Ward
BSCM-000056,Industrial,Rajajinagar,SS-RAJ-04,FDR-RAJ-03,HT-2,3-Phase,1330.5,2021-10-23,13.056658,77.517852,GPRS,v4.0.1,L&T,True,"#737, Dr Rajkumar Road, Rajajinagar, Bengaluru 56034",Rajajinagar Ward
BSCM-000057,Residential,Whitefield,SS-WHI-01,FDR-WHI-02,LT-1,1-Phase,3.0,2020-06-16,12.975118,77.623449,RF Mesh,v3.1.2,HPL,True,"#738, ITPL Main Road, Whitefield, Bengaluru 56039",Whitefield Ward
BSCM-000058,Residential,Whitefield,SS-WHI-01,FDR-WHI-01,LT-1,1-Phase,3.8,2022-05-29,12.855186,77.69119,PLC,v3.1.2,Landis+Gyr,True,"#739, ITPL Main Road, Whitefield, Bengaluru 56039",Whitefield Ward
BSCM-000059,Residential,Indiranagar,SS-IND-08,FDR-IND-02,LT-1,1-Phase,10.0,2021-11-26,12.967503,77.602087,PLC,v3.1.2,Landis+Gyr,True,"#740, 100 Feet Road, Indiranagar, Bengaluru 56040",Indiranagar Ward
BSCM-000060,Residential,Koramangala,SS-KOR-02,FDR-KOR-02,LT-1,1-Phase,8.5,2020-09-03,12.930818,77.742546,NB-IoT,v3.1.2,L&T,True,"#732, 80 Feet Road, Koramangala, Bengaluru 56038",Koramangala Ward
BSCM-000061,Residential,Indiranagar,SS-IND-08,FDR-IND-03,LT-1,1-Phase,7.0,2020-11-22,12.916764,77.532753,PLC,v4.1.0,HPL,True,"#733, 100 Feet Road, Indiranagar, Bengaluru 56040",Indiranagar Ward
BSCM-000062,Residential,Marathahalli,SS-MAR-07,FDR-MAR-03,LT-1,1-Phase,7.7,2021-07-30,12.906175,77.710351,RF Mesh,v4.1.0,Secure,True,"#734, BESCOM Service Road, Marathahalli, Bengaluru 56054",Marathahalli Ward
BSCM-000063,Commercial,BTM Layout,SS-BTM-10,FDR-BTM-03,LT-2,3-Phase,34.6,2021-04-14,12.910933,77.637816,NB-IoT,v3.2.0,L&T,True,"#735, 16th Main Road, BTM Layout, Bengaluru 56087",BTM Layout Ward
BSCM-000064,Residential,BTM Layout,SS-BTM-10,FDR-BTM-01,LT-1,1-Phase,8.2,2021-05-16,12.916793,77.500641,PLC,v4.1.0,Landis+Gyr,True,"#736, 16th Main Road, BTM Layout, Bengaluru 56087",BTM Layout Ward
BSCM-000065,Residential,Koramangala,SS-KOR-02,FDR-KOR-02,LT-1,1-Phase,5.6,2020-10-21,12.992949,77.558391,NB-IoT,v3.1.2,Genus,True,"#737, 80 Feet Road, Koramangala, Bengaluru 56038",Koramangala Ward
BSCM-000066,Residential,Electronic City,SS-ELE-06,FDR-ELE-02,LT-1,1-Phase,9.9,2020-10-03,13.091206,77.531562,PLC,v3.1.2,HPL,True,"#738, Neeladri Road, Electronic City, Bengaluru 56033",Electronic City Ward
BSCM-000067,Residential,Electronic City,SS-ELE-06,FDR-ELE-01,LT-1,1-Phase,5.3,2022-02-10,13.092301,77.58464,NB-IoT,v3.1.2,Genus,True,"#739, Neeladri Road, Electronic City, Bengaluru 56033",Electronic City Ward
BSCM-000068,Commercial,Jayanagar,SS-JAY-03,FDR-JAY-02,LT-3,3-Phase,89.9,2021-02-22,13.004365,77.558693,PLC,v3.2.0,Secure,True,"#740, 11th Main Road, Jayanagar, Bengaluru 56010",Jayanagar Ward
BSCM-000069,Residential,Koramangala,SS-KOR-02,FDR-KOR-03,LT-1,1-Phase,5.5,2022-05-11,13.049036,77.573342,PLC,v4.1.0,Landis+Gyr,True,"#741, 80 Feet Road, Koramangala, Bengaluru 56038",Koramangala Ward
BSCM-000070,Agricultural,Whitefield,SS-WHI-01,FDR-WHI-03,LT-5,1-Phase,10.4,2021-11-29,12.910207,77.728207,GPRS,v3.2.0,HPL,True,"#733, ITPL Main Road, Whitefield, Bengaluru 56039",Whitefield Ward
BSCM-000071,Commercial,Electronic City,SS-ELE-06,FDR-ELE-03,LT-2,3-Phase,51.9,2022-11-13,12.868465,77.736309,PLC,v4.1.0,Genus,True,"#734, Neeladri Road, Electronic City, Bengaluru 56033",Electronic City Ward
BSCM-000072,Residential,Hebbal,SS-HEB-05,FDR-HEB-02,LT-1,1-Phase,2.9,2020-03-18,13.02482,77.505485,NB-IoT,v4.0.1,Secure,True,"#735, Bellary Road, Hebbal, Bengaluru 56034",Hebbal Ward
BSCM-000073,Residential,Yelahanka,SS-YEL-09,FDR-YEL-03,LT-1,1-Phase,9.3,2022-08-24,13.043935,77.55753,PLC,v3.2.0,Landis+Gyr,True,"#736, Doddaballapur Road, Yelahanka, Bengaluru 56010",Yelahanka Ward
BSCM-000074,Commercial,Whitefield,SS-WHI-01,FDR-WHI-03,LT-2,3-Phase,91.3,2022-02-25,12.960206,77.644893,GPRS,v3.1.2,Genus,True,"#737, ITPL Main Road, Whitefield, Bengaluru 56039",Whitefield Ward
BSCM-000075,Commercial,Marathahalli,SS-MAR-07,FDR-MAR-01,LT-2,3-Phase,88.9,2022-03-07,12.918132,77.541136,NB-IoT,v4.0.1,Genus,True,"#738, BESCOM Service Road, Marathahalli, Bengaluru 56054",Marathahalli Ward
BSCM-000076,Commercial,Hebbal,SS-HEB-05,FDR-HEB-01,LT-2,3-Phase,30.3,2022-02-17,12.949353,77.711436,PLC,v3.1.2,HPL,True,"#739, Bellary Road, Hebbal, Bengaluru 56034",Hebbal Ward
BSCM-000077,Commercial,Hebbal,SS-HEB-05,FDR-HEB-02,LT-2,3-Phase,70.5,2020-11-08,13.085073,77.527087,GPRS,v4.1.0,Secure,True,"#740, Bellary Road, Hebbal, Bengaluru 56034",Hebbal Ward
BSCM-000078,Residential,Koramangala,SS-KOR-02,FDR-KOR-02,LT-1,1-Phase,7.2,2021-09-05,13.01231,77.529169,RF Mesh,v3.1.2,Genus,False,"#741, 80 Feet Road, Koramangala, Bengaluru 56038",Koramangala Ward
BSCM-000079,Residential,Jayanagar,SS-JAY-03,FDR-JAY-01,LT-1,1-Phase,5.1,2022-02-28,12.985048,77.646835,GPRS,v4.1.0,Secure,True,"#742, 11th Main Road, Jayanagar, Bengaluru 56010",Jayanagar Ward
BSCM-000080,Residential,Marathahalli,SS-MAR-07,FDR-MAR-02,LT-1,1-Phase,7.5,2022-09-26,12.940672,77.745232,PLC,v4.0.1,Secure,True,"#734, BESCOM Service Road, Marathahalli, Bengaluru 56054",Marathahalli Ward
BSCM-000081,Industrial,Electronic City,SS-ELE-06,FDR-ELE-01,HT-1,3-Phase,1315.0,2020-05-15,12.862645,77.583377,GPRS,v3.2.0,Secure,True,"#735, Neeladri Road, Electronic City, Bengaluru 56033",Electronic City Ward
BSCM-000082,Commercial,Koramangala,SS-KOR-02,FDR-KOR-03,LT-2,3-Phase,31.0,2021-09-16,12.998995,77.569319,GPRS,v3.2.0,L&T,True,"#736, 80 Feet Road, Koramangala, Bengaluru 56038",Koramangala Ward
BSCM-000083,Residential,Electronic City,SS-ELE-06,FDR-ELE-03,LT-1,1-Phase,3.1,2022-10-11,12.853945,77.566342,GPRS,v4.1.0,L&T,True,"#737, Neeladri Road, Electronic City, Bengaluru 56033",Electronic City Ward
BSCM-000084,Residential,Koramangala,SS-KOR-02,FDR-KOR-02,LT-1,1-Phase,6.1,2020-11-21,12.860841,77.695807,PLC,v4.1.0,Secure,True,"#738, 80 Feet Road, Koramangala, Bengaluru 56038",Koramangala Ward
BSCM-000085,Residential,Koramangala,SS-KOR-02,FDR-KOR-02,LT-1,1-Phase,7.5,2020-07-12,12.870198,77.652074,RF Mesh,v3.2.0,Genus,True,"#739, 80 Feet Road, Koramangala, Bengaluru 56038",Koramangala Ward
BSCM-000086,Residential,Koramangala,SS-KOR-02,FDR-KOR-03,LT-1,1-Phase,5.0,2021-02-05,12.95755,77.698274,RF Mesh,v3.2.0,HPL,True,"#740, 80 Feet Road, Koramangala, Bengaluru 56038",Koramangala Ward
BSCM-000087,Commercial,Jayanagar,SS-JAY-03,FDR-JAY-02,LT-2,3-Phase,75.7,2020-05-18,12.913722,77.738398,NB-IoT,v3.1.2,Secure,True,"#741, 11th Main Road, Jayanagar, Bengaluru 56010",Jayanagar Ward
BSCM-000088,Commercial,Koramangala,SS-KOR-02,FDR-KOR-01,LT-2,3-Phase,60.1,2020-10-30,12.932411,77.530558,PLC,v4.1.0,Secure,True,"#742, 80 Feet Road, Koramangala, Bengaluru 56038",Koramangala Ward
BSCM-000089,Industrial,Rajajinagar,SS-RAJ-04,FDR-RAJ-02,HT-2,3-Phase,1347.8,2022-05-04,12.877055,77.711343,PLC,v3.1.2,Genus,True,"#743, Dr Rajkumar Road, Rajajinagar, Bengaluru 56034",Rajajinagar Ward
BSCM-000090,Residential,Yelahanka,SS-YEL-09,FDR-YEL-03,LT-1,1-Phase,6.9,2022-10-10,12.918318,77.690602,PLC,v4.0.1,Secure,True,"#735, Doddaballapur Road, Yelahanka, Bengaluru 56010",Yelahanka Ward
BSCM-000091,Residential,Electronic City,SS-ELE-06,FDR-ELE-03,LT-1,1-Phase,2.6,2020-09-03,12.982621,77.594049,NB-IoT,v4.0.1,Landis+Gyr,True,"#736, Neeladri Road, Electronic City, Bengaluru 56033",Electronic City Ward
BSCM-000092,Commercial,Whitefield,SS-WHI-01,FDR-WHI-03,LT-2,3-Phase,24.0,2022-06-12,12.870395,77.610778,NB-IoT,v4.1.0,L&T,True,"#737, ITPL Main Road, Whitefield, Bengaluru 56039",Whitefield Ward
BSCM-000093,Commercial,Indiranagar,SS-IND-08,FDR-IND-03,LT-2,3-Phase,20.0,2022-04-13,12.981734,77.577105,GPRS,v4.1.0,L&T,True,"#738, 100 Feet Road, Indiranagar, Bengaluru 56040",Indiranagar Ward
BSCM-000094,Commercial,Marathahalli,SS-MAR-07,FDR-MAR-01,LT-2,3-Phase,36.1,2022-02-24,12.957664,77.532296,GPRS,v4.0.1,Secure,True,"#739, BESCOM Service Road, Marathahalli, Bengaluru 56054",Marathahalli Ward
BSCM-000095,Commercial,BTM Layout,SS-BTM-10,FDR-BTM-02,LT-2,3-Phase,17.0,2022-10-25,12.951106,77.660035,PLC,v3.1.2,HPL,True,"#740, 16th Main Road, BTM Layout, Bengaluru 56087",BTM Layout Ward
BSCM-000096,Residential,Jayanagar,SS-JAY-03,FDR-JAY-03,LT-1,1-Phase,8.7,2020-05-04,12.910829,77.647218,RF Mesh,v4.1.0,Genus,True,"#741, 11th Main Road, Jayanagar, Bengaluru 56010",Jayanagar Ward
BSCM-000097,Residential,Whitefield,SS-WHI-01,FDR-WHI-01,LT-1,1-Phase,6.1,2022-06-29,12.937344,77.681845,GPRS,v3.2.0,Secure,True,"#742, ITPL Main Road, Whitefield, Bengaluru 56039",Whitefield Ward
BSCM-000098,Residential,Hebbal,SS-HEB-05,FDR-HEB-03,LT-1,1-Phase,8.1,2022-01-23,12.973529,77.688611,NB-IoT,v4.0.1,Genus,True,"#743, Bellary Road, Hebbal, Bengaluru 56034",Hebbal Ward
BSCM-000099,Residential,Rajajinagar,SS-RAJ-04,FDR-RAJ-02,LT-1,1-Phase,8.4,2021-03-22,12.965436,77.509402,PLC,v4.0.1,Secure,True,"#744, Dr Rajkumar Road, Rajajinagar, Bengaluru 56034",Rajajinagar Ward
BSCM-000100,Residential,BTM Layout,SS-BTM-10,FDR-BTM-01,LT-1,1-Phase,5.1,2020-01-29,12.860256,77.727262,GPRS,v4.0.1,L&T,True,"#727, 16th Main Road, BTM Layout, Bengaluru 56087",BTM Layout Ward
BSCM-000101,Residential,Indiranagar,SS-IND-08,FDR-IND-01,LT-1,1-Phase,2.8,2020-05-24,12.976137,77.54314,GPRS,v4.1.0,HPL,True,"#728, 100 Feet Road, Indiranagar, Bengaluru 56040",Indiranagar Ward
BSCM-000102,Commercial,Whitefield,SS-WHI-01,FDR-WHI-02,LT-2,3-Phase,44.9,2020-10-30,12.863091,77.657722,PLC,v3.1.2,Genus,True,"#729, ITPL Main Road, Whitefield, Bengaluru 56039",Whitefield Ward
BSCM-000103,Residential,BTM Layout,SS-BTM-10,FDR-BTM-02,LT-1,1-Phase,7.8,2021-07-04,12.933341,77.645685,GPRS,v4.0.1,Genus,True,"#730, 16th Main Road, BTM Layout, Bengaluru 56087",BTM Layout Ward
BSCM-000104,Residential,Whitefield,SS-WHI-01,FDR-WHI-02,LT-1,1-Phase,6.8,2022-03-13,13.047915,77.703296,RF Mesh,v4.1.0,L&T,True,"#731, ITPL Main Road, Whitefield, Bengaluru 56039",Whitefield Ward
BSCM-000105,Industrial,Rajajinagar,SS-RAJ-04,FDR-RAJ-01,HT-1,3-Phase,464.8,2021-09-20,12.888736,77.573948,RF Mesh,v3.1.2,Genus,True,"#732, Dr Rajkumar Road, Rajajinagar, Bengaluru 56034",Rajajinagar Ward
BSCM-000106,Residential,Indiranagar,SS-IND-08,FDR-IND-03,LT-1,1-Phase,3.2,2020-10-22,13.075664,77.680296,RF Mesh,v4.1.0,Genus,True,"#733, 100 Feet Road, Indiranagar, Bengaluru 56040",Indiranagar Ward
BSCM-000107,Residential,Hebbal,SS-HEB-05,FDR-HEB-02,LT-1,1-Phase,8.0,2021-04-28,13.091399,77.696093,GPRS,v4.0.1,L&T,False,"#734, Bellary Road, Hebbal, Bengaluru 56034",Hebbal Ward
BSCM-000108,Commercial,Koramangala,SS-KOR-02,FDR-KOR-02,LT-2,3-Phase,47.7,2020-10-11,13.001166,77.71825,RF Mesh,v4.1.0,Genus,True,"#735, 80 Feet Road, Koramangala, Bengaluru 56038",Koramangala Ward
BSCM-000109,Residential,Electronic City,SS-ELE-06,FDR-ELE-03,LT-1,1-Phase,4.3,2022-03-22,12.886837,77.609368,GPRS,v4.1.0,Genus,True,"#736, Neeladri Road, Electronic City, Bengaluru 56033",Electronic City Ward
BSCM-000110,Residential,Hebbal,SS-HEB-05,FDR-HEB-02,LT-1,1-Phase,5.0,2020-02-08,12.929671,77.524771,PLC,v3.2.0,Landis+Gyr,True,"#728, Bellary Road, Hebbal, Bengaluru 56034",Hebbal Ward
BSCM-000111,Residential,Koramangala,SS-KOR-02,FDR-KOR-02,LT-1,1-Phase,8.1,2022-02-21,12.854751,77.553914,GPRS,v4.1.0,Secure,True,"#729, 80 Feet Road, Koramangala, Bengaluru 56038",Koramangala Ward
BSCM-000112,Residential,Jayanagar,SS-JAY-03,FDR-JAY-01,LT-1,1-Phase,3.9,2022-08-27,13.059172,77.624957,RF Mesh,v3.2.0,Landis+Gyr,True,"#730, 11th Main Road, Jayanagar, Bengaluru 56010",Jayanagar Ward
BSCM-000113,Industrial,Yelahanka,SS-YEL-09,FDR-YEL-02,HT-1,3-Phase,1369.6,2021-07-28,12.940151,77.738351,RF Mesh,v4.1.0,HPL,True,"#731, Doddaballapur Road, Yelahanka, Bengaluru 56010",Yelahanka Ward
BSCM-000114,Commercial,Marathahalli,SS-MAR-07,FDR-MAR-02,LT-2,3-Phase,42.1,2021-07-01,13.014276,77.525916,PLC,v3.2.0,Secure,True,"#732, BESCOM Service Road, Marathahalli, Bengaluru 56054",Marathahalli Ward
BSCM-000115,Commercial,Marathahalli,SS-MAR-07,FDR-MAR-03,LT-2,3-Phase,71.6,2021-12-09,12.895569,77.533713,NB-IoT,v3.1.2,Genus,True,"#733, BESCOM Service Road, Marathahalli, Bengaluru 56054",Marathahalli Ward
BSCM-000116,Industrial,Electronic City,SS-ELE-06,FDR-ELE-01,HT-2,3-Phase,1979.3,2021-02-24,12.913328,77.688323,GPRS,v4.0.1,Genus,True,"#734, Neeladri Road, Electronic City, Bengaluru 56033",Electronic City Ward
BSCM-000117,Commercial,Indiranagar,SS-IND-08,FDR-IND-03,LT-2,3-Phase,81.9,2021-01-22,12.959934,77.73912,PLC,v3.2.0,HPL,True,"#735, 100 Feet Road, Indiranagar, Bengaluru 56040",Indiranagar Ward
BSCM-000118,Residential,Rajajinagar,SS-RAJ-04,FDR-RAJ-03,LT-1,1-Phase,8.4,2021-06-04,13.055585,77.636369,PLC,v3.1.2,Secure,True,"#736, Dr Rajkumar Road, Rajajinagar, Bengaluru 56034",Rajajinagar Ward
BSCM-000119,Industrial,Indiranagar,SS-IND-08,FDR-IND-02,HT-1,3-Phase,949.5,2020-07-13,13.077902,77.653713,NB-IoT,v4.0.1,Secure,True,"#737, 100 Feet Road, Indiranagar, Bengaluru 56040",Indiranagar Ward
BSCM-000120,Residential,Rajajinagar,SS-RAJ-04,FDR-RAJ-02,LT-1,1-Phase,8.4,2020-01-17,13.001893,77.695328,RF Mesh,v3.2.0,Secure,True,"#729, Dr Rajkumar Road, Rajajinagar, Bengaluru 56034",Rajajinagar Ward
BSCM-000121,Commercial,Indiranagar,SS-IND-08,FDR-IND-02,LT-2,3-Phase,12.9,2020-10-09,12.942741,77.610985,RF Mesh,v3.2.0,L&T,True,"#730, 100 Feet Road, Indiranagar, Bengaluru 56040",Indiranagar Ward
BSCM-000122,Industrial,Yelahanka,SS-YEL-09,FDR-YEL-02,HT-1,3-Phase,453.5,2021-07-09,13.078386,77.52944,PLC,v4.1.0,Landis+Gyr,False,"#731, Doddaballapur Road, Yelahanka, Bengaluru 56010",Yelahanka Ward
BSCM-000123,Residential,Jayanagar,SS-JAY-03,FDR-JAY-02,LT-1,1-Phase,3.0,2021-10-19,12.961278,77.521948,PLC,v4.0.1,Secure,True,"#732, 11th Main Road, Jayanagar, Bengaluru 56010",Jayanagar Ward
BSCM-000124,Residential,Jayanagar,SS-JAY-03,FDR-JAY-02,LT-1,1-Phase,7.7,2022-01-14,12.977189,77.530341,GPRS,v3.2.0,Landis+Gyr,True,"#733, 11th Main Road, Jayanagar, Bengaluru 56010",Jayanagar Ward
BSCM-000125,Residential,Koramangala,SS-KOR-02,FDR-KOR-03,LT-1,1-Phase,5.7,2020-11-07,12.866437,77.59954,NB-IoT,v4.1.0,HPL,True,"#734, 80 Feet Road, Koramangala, Bengaluru 56038",Koramangala Ward
BSCM-000126,Residential,BTM Layout,SS-BTM-10,FDR-BTM-02,LT-1,1-Phase,5.6,2022-07-04,13.045066,77.659948,GPRS,v3.2.0,HPL,True,"#735, 16th Main Road, BTM Layout, Bengaluru 56087",BTM Layout Ward
BSCM-000127,Commercial,Jayanagar,SS-JAY-03,FDR-JAY-01,LT-3,3-Phase,24.8,2020-01-06,12.936506,77.735226,PLC,v3.1.2,Genus,True,"#736, 11th Main Road, Jayanagar, Bengaluru 56010",Jayanagar Ward
BSCM-000128,Industrial,Jayanagar,SS-JAY-03,FDR-JAY-02,HT-2,3-Phase,277.5,2022-03-21,12.997952,77.645162,GPRS,v4.0.1,L&T,True,"#737, 11th Main Road, Jayanagar, Bengaluru 56010",Jayanagar Ward
BSCM-000129,Residential,Hebbal,SS-HEB-05,FDR-HEB-01,LT-1,1-Phase,9.6,2022-08-31,12.993034,77.654527,RF Mesh,v4.1.0,L&T,True,"#738, Bellary Road, Hebbal, Bengaluru 56034",Hebbal Ward
BSCM-000130,Residential,Hebbal,SS-HEB-05,FDR-HEB-02,LT-1,1-Phase,8.4,2021-07-19,12.864978,77.609901,NB-IoT,v4.1.0,Landis+Gyr,True,"#730, Bellary Road, Hebbal, Bengaluru 56034",Hebbal Ward
BSCM-000131,Residential,Koramangala,SS-KOR-02,FDR-KOR-03,LT-1,1-Phase,7.9,2021-02-17,12.942635,77.640413,PLC,v3.2.0,HPL,True,"#731, 80 Feet Road, Koramangala, Bengaluru 56038",Koramangala Ward
BSCM-000132,Residential,BTM Layout,SS-BTM-10,FDR-BTM-01,LT-1,1-Phase,2.4,2022-05-18,13.090671,77.725578,PLC,v4.0.1,Landis+Gyr,True,"#732, 16th Main Road, BTM Layout, Bengaluru 56087",BTM Layout Ward
BSCM-000133,Residential,Electronic City,SS-ELE-06,FDR-ELE-03,LT-1,1-Phase,6.0,2020-04-20,12.976361,77.741672,GPRS,v4.0.1,Secure,True,"#733, Neeladri Road, Electronic City, Bengaluru 56033",Electronic City Ward
BSCM-000134,Residential,Hebbal,SS-HEB-05,FDR-HEB-03,LT-1,1-Phase,4.3,2020-04-13,12.916118,77.591444,NB-IoT,v4.0.1,Secure,True,"#734, Bellary Road, Hebbal, Bengaluru 56034",Hebbal Ward
BSCM-000135,Industrial,Electronic City,SS-ELE-06,FDR-ELE-01,HT-1,3-Phase,1058.1,2020-11-20,12.91993,77.747273,RF Mesh,v3.2.0,Secure,True,"#735, Neeladri Road, Electronic City, Bengaluru 56033",Electronic City Ward
BSCM-000136,Residential,Whitefield,SS-WHI-01,FDR-WHI-02,LT-1,1-Phase,8.0,2020-11-14,12.861326,77.534259,PLC,v4.1.0,L&T,True,"#736, ITPL Main Road, Whitefield, Bengaluru 56039",Whitefield Ward
BSCM-000137,Residential,Hebbal,SS-HEB-05,FDR-HEB-03,LT-1,1-Phase,4.6,2022-02-19,13.03483,77.574809,PLC,v4.1.0,L&T,True,"#737, Bellary Road, Hebbal, Bengaluru 56034",Hebbal Ward
BSCM-000138,Commercial,Yelahanka,SS-YEL-09,FDR-YEL-02,LT-3,3-Phase,98.2,2021-01-23,13.031331,77.672011,RF Mesh,v4.1.0,Genus,True,"#738, Doddaballapur Road, Yelahanka, Bengaluru 56010",Yelahanka Ward
BSCM-000139,Residential,BTM Layout,SS-BTM-10,FDR-BTM-03,LT-1,1-Phase,7.8,2021-08-23,13.004934,77.710292,GPRS,v3.2.0,Secure,True,"#739, 16th Main Road, BTM Layout, Bengaluru 56087",BTM Layout Ward
BSCM-000140,Agricultural,Koramangala,SS-KOR-02,FDR-KOR-01,LT-5,1-Phase,5.4,2022-10-25,12.975455,77.65287,NB-IoT,v3.1.2,Landis+Gyr,True,"#731, 80 Feet Road, Koramangala, Bengaluru 56038",Koramangala Ward
BSCM-000141,Agricultural,Whitefield,SS-WHI-01,FDR-WHI-03,LT-5,1-Phase,13.9,2020-03-28,12.935582,77.588572,PLC,v4.1.0,Landis+Gyr,True,"#732, ITPL Main Road, Whitefield, Bengaluru 56039",Whitefield Ward
BSCM-000142,Residential,BTM Layout,SS-BTM-10,FDR-BTM-02,LT-1,1-Phase,9.5,2021-08-29,13.02256,77.622251,NB-IoT,v4.0.1,L&T,True,"#733, 16th Main Road, BTM Layout, Bengaluru 56087",BTM Layout Ward
BSCM-000143,Residential,Yelahanka,SS-YEL-09,FDR-YEL-02,LT-1,1-Phase,3.0,2021-04-22,13.054594,77.738652,GPRS,v4.0.1,Secure,True,"#734, Doddaballapur Road, Yelahanka, Bengaluru 56010",Yelahanka Ward
BSCM-000144,Residential,BTM Layout,SS-BTM-10,FDR-BTM-02,LT-1,1-Phase,7.2,2020-06-10,12.917783,77.640505,PLC,v3.2.0,Secure,True,"#735, 16th Main Road, BTM Layout, Bengaluru 56087",BTM Layout Ward
BSCM-000145,Residential,Yelahanka,SS-YEL-09,FDR-YEL-01,LT-1,1-Phase,7.4,2022-08-21,12.953325,77.67934,RF Mesh,v3.2.0,Secure,True,"#736, Doddaballapur Road, Yelahanka, Bengaluru 56010",Yelahanka Ward
BSCM-000146,Residential,Yelahanka,SS-YEL-09,FDR-YEL-01,LT-1,1-Phase,7.2,2020-08-21,13.038978,77.571811,PLC,v3.1.2,Secure,True,"#737, Doddaballapur Road, Yelahanka, Bengaluru 56010",Yelahanka Ward
BSCM-000147,Commercial,Electronic City,SS-ELE-06,FDR-ELE-03,LT-2,3-Phase,25.8,2022-09-17,13.079909,77.749293,NB-IoT,v4.1.0,Landis+Gyr,True,"#738, Neeladri Road, Electronic City, Bengaluru 56033",Electronic City Ward
BSCM-000148,Residential,Indiranagar,SS-IND-08,FDR-IND-02,LT-1,1-Phase,2.1,2022-09-17,12.92114,77.747275,NB-IoT,v3.2.0,L&T,True,"#739, 100 Feet Road, Indiranagar, Bengaluru 56040",Indiranagar Ward
BSCM-000149,Residential,Whitefield,SS-WHI-01,FDR-WHI-01,LT-1,1-Phase,3.3,2021-01-24,13.034154,77.697692,GPRS,v3.2.0,L&T,True,"#740, ITPL Main Road, Whitefield, Bengaluru 56039",Whitefield Ward
BSCM-000150,Residential,BTM Layout,SS-BTM-10,FDR-BTM-02,LT-1,1-Phase,4.6,2020-01-12,12.969364,77.733956,RF Mesh,v4.0.1,HPL,True,"#732, 16th Main Road, BTM Layout, Bengaluru 56087",BTM Layout Ward
BSCM-000151,Industrial,Rajajinagar,SS-RAJ-04,FDR-RAJ-02,HT-2,3-Phase,597.0,2021-03-24,12.909076,77.666947,NB-IoT,v4.0.1,Landis+Gyr,True,"#733, Dr Rajkumar Road, Rajajinagar, Bengaluru 56034",Rajajinagar Ward
BSCM-000152,Residential,Whitefield,SS-WHI-01,FDR-WHI-03,LT-1,1-Phase,7.5,2021-03-06,12.905212,77.73934,NB-IoT,v3.2.0,HPL,True,"#734, ITPL Main Road, Whitefield, Bengaluru 56039",Whitefield Ward
BSCM-000153,Residential,Indiranagar,SS-IND-08,FDR-IND-02,LT-1,1-Phase,8.1,2020-04-12,13.020085,77.648954,RF Mesh,v4.1.0,L&T,True,"#735, 100 Feet Road, Indiranagar, Bengaluru 56040",Indiranagar Ward
BSCM-000154,Residential,Whitefield,SS-WHI-01,FDR-WHI-03,LT-1,1-Phase,2.5,2022-04-17,12.887463,77.582029,NB-IoT,v3.1.2,Landis+Gyr,True,"#736, ITPL Main Road, Whitefield, Bengaluru 56039",Whitefield Ward
BSCM-000155,Agricultural,Jayanagar,SS-JAY-03,FDR-JAY-03,LT-5,1-Phase,8.5,2020-06-03,12.864434,77.615595,PLC,v3.1.2,HPL,True,"#737, 11th Main Road, Jayanagar, Bengaluru 56010",Jayanagar Ward
BSCM-000156,Residential,Rajajinagar,SS-RAJ-04,FDR-RAJ-01,LT-1,1-Phase,2.4,2022-07-06,13.083646,77.517255,NB-IoT,v3.1.2,Genus,True,"#738, Dr Rajkumar Road, Rajajinagar, Bengaluru 56034",Rajajinagar Ward
BSCM-000157,Commercial,Indiranagar,SS-IND-08,FDR-IND-03,LT-2,3-Phase,90.2,2020-07-25,12.944374,77.520062,GPRS,v4.0.1,Secure,True,"#739, 100 Feet Road, Indiranagar, Bengaluru 56040",Indiranagar Ward
BSCM-000158,Commercial,Electronic City,SS-ELE-06,FDR-ELE-03,LT-2,3-Phase,30.0,2022-03-17,12.924591,77.668375,NB-IoT,v4.1.0,Landis+Gyr,True,"#740, Neeladri Road, Electronic City, Bengaluru 56033",Electronic City Ward
BSCM-000159,Residential,BTM Layout,SS-BTM-10,FDR-BTM-02,LT-1,1-Phase,9.5,2021-11-11,12.95481,77.691513,RF Mesh,v3.2.0,Landis+Gyr,True,"#741, 16th Main Road, BTM Layout, Bengaluru 56087",BTM Layout Ward
BSCM-000160,Commercial,Marathahalli,SS-MAR-07,FDR-MAR-02,LT-2,3-Phase,14.0,2022-08-25,13.038596,77.694016,GPRS,v4.0.1,Landis+Gyr,True,"#733, BESCOM Service Road, Marathahalli, Bengaluru 56054",Marathahalli Ward
BSCM-000161,Residential,Indiranagar,SS-IND-08,FDR-IND-02,LT-1,1-Phase,3.9,2021-02-14,12.95339,77.568788,GPRS,v4.1.0,L&T,True,"#734, 100 Feet Road, Indiranagar, Bengaluru 56040",Indiranagar Ward
BSCM-000162,Commercial,Koramangala,SS-KOR-02,FDR-KOR-03,LT-3,3-Phase,38.7,2020-10-13,12.944115,77.688604,NB-IoT,v3.2.0,Landis+Gyr,True,"#735, 80 Feet Road, Koramangala, Bengaluru 56038",Koramangala Ward
BSCM-000163,Commercial,BTM Layout,SS-BTM-10,FDR-BTM-02,LT-2,3-Phase,97.1,2022-08-06,12.910715,77.550834,RF Mesh,v4.1.0,Genus,True,"#736, 16th Main Road, BTM Layout, Bengaluru 56087",BTM Layout Ward
BSCM-000164,Residential,Indiranagar,SS-IND-08,FDR-IND-01,LT-1,1-Phase,4.1,2022-08-19,12.897041,77.690424,GPRS,v4.1.0,Landis+Gyr,True,"#737, 100 Feet Road, Indiranagar, Bengaluru 56040",Indiranagar Ward
BSCM-000165,Residential,Jayanagar,SS-JAY-03,FDR-JAY-01,LT-1,1-Phase,9.5,2021-09-25,12.96973,77.560648,GPRS,v4.1.0,Landis+Gyr,True,"#738, 11th Main Road, Jayanagar, Bengaluru 56010",Jayanagar Ward
BSCM-000166,Commercial,Marathahalli,SS-MAR-07,FDR-MAR-02,LT-2,3-Phase,42.3,2020-04-22,12.974319,77.524652,NB-IoT,v4.0.1,Landis+Gyr,True,"#739, BESCOM Service Road, Marathahalli, Bengaluru 56054",Marathahalli Ward
BSCM-000167,Residential,Jayanagar,SS-JAY-03,FDR-JAY-03,LT-1,1-Phase,7.9,2021-09-05,13.030003,77.573798,GPRS,v4.0.1,Landis+Gyr,True,"#740, 11th Main Road, Jayanagar, Bengaluru 56010",Jayanagar Ward
BSCM-000168,Residential,Marathahalli,SS-MAR-07,FDR-MAR-02,LT-1,1-Phase,4.1,2021-01-10,12.972649,77.542058,PLC,v3.2.0,Landis+Gyr,True,"#741, BESCOM Service Road, Marathahalli, Bengaluru 56054",Marathahalli Ward
BSCM-000169,Residential,Koramangala,SS-KOR-02,FDR-KOR-03,LT-1,1-Phase,6.2,2022-08-04,12.862129,77.501596,GPRS,v3.2.0,Secure,True,"#742, 80 Feet Road, Koramangala, Bengaluru 56038",Koramangala Ward
BSCM-000170,Commercial,BTM Layout,SS-BTM-10,FDR-BTM-03,LT-2,3-Phase,65.6,2020-05-13,12.970801,77.621964,RF Mesh,v4.1.0,Secure,True,"#734, 16th Main Road, BTM Layout, Bengaluru 56087",BTM Layout Ward
BSCM-000171,Commercial,Electronic City,SS-ELE-06,FDR-ELE-03,LT-2,3-Phase,83.2,2021-04-24,13.077443,77.526754,RF Mesh,v3.2.0,Landis+Gyr,True,"#735, Neeladri Road, Electronic City, Bengaluru 56033",Electronic City Ward
BSCM-000172,Residential,Jayanagar,SS-JAY-03,FDR-JAY-02,LT-1,1-Phase,8.4,2021-06-03,12.910802,77.674309,PLC,v3.1.2,Secure,True,"#736, 11th Main Road, Jayanagar, Bengaluru 56010",Jayanagar Ward
BSCM-000173,Residential,Jayanagar,SS-JAY-03,FDR-JAY-03,LT-1,1-Phase,2.4,2020-04-02,12.958477,77.696094,RF Mesh,v3.1.2,Landis+Gyr,True,"#737, 11th Main Road, Jayanagar, Bengaluru 56010",Jayanagar Ward
BSCM-000174,Residential,Yelahanka,SS-YEL-09,FDR-YEL-03,LT-1,1-Phase,4.2,2020-04-03,12.985758,77.664527,GPRS,v4.0.1,Secure,True,"#738, Doddaballapur Road, Yelahanka, Bengaluru 56010",Yelahanka Ward
BSCM-000175,Commercial,Marathahalli,SS-MAR-07,FDR-MAR-03,LT-2,3-Phase,36.9,2020-09-08,13.062361,77.669259,PLC,v4.1.0,Landis+Gyr,True,"#739, BESCOM Service Road, Marathahalli, Bengaluru 56054",Marathahalli Ward
BSCM-000176,Residential,Hebbal,SS-HEB-05,FDR-HEB-01,LT-1,1-Phase,8.0,2020-02-11,12.869005,77.651292,NB-IoT,v4.0.1,Secure,True,"#740, Bellary Road, Hebbal, Bengaluru 56034",Hebbal Ward
BSCM-000177,Commercial,BTM Layout,SS-BTM-10,FDR-BTM-02,LT-2,3-Phase,59.8,2020-03-03,12.996469,77.595018,PLC,v3.2.0,Secure,True,"#741, 16th Main Road, BTM Layout, Bengaluru 56087",BTM Layout Ward
BSCM-000178,Residential,Marathahalli,SS-MAR-07,FDR-MAR-03,LT-1,1-Phase,7.9,2022-01-21,12.927067,77.589979,PLC,v3.1.2,Landis+Gyr,True,"#742, BESCOM Service Road, Marathahalli, Bengaluru 56054",Marathahalli Ward
BSCM-000179,Industrial,Yelahanka,SS-YEL-09,FDR-YEL-03,HT-1,3-Phase,772.4,2020-01-18,12.999511,77.581108,NB-IoT,v3.1.2,Genus,True,"#743, Doddaballapur Road, Yelahanka, Bengaluru 56010",Yelahanka Ward
BSCM-000180,Residential,Whitefield,SS-WHI-01,FDR-WHI-03,LT-1,1-Phase,6.6,2021-07-23,12.925283,77.623281,RF Mesh,v3.2.0,HPL,True,"#735, ITPL Main Road, Whitefield, Bengaluru 56039",Whitefield Ward
BSCM-000181,Residential,Marathahalli,SS-MAR-07,FDR-MAR-01,LT-1,1-Phase,4.0,2020-11-23,12.898887,77.526743,PLC,v3.1.2,HPL,True,"#736, BESCOM Service Road, Marathahalli, Bengaluru 56054",Marathahalli Ward
BSCM-000182,Residential,Electronic City,SS-ELE-06,FDR-ELE-02,LT-1,1-Phase,4.7,2020-06-14,12.884031,77.580166,GPRS,v4.1.0,Genus,True,"#737, Neeladri Road, Electronic City, Bengaluru 56033",Electronic City Ward
BSCM-000183,Industrial,BTM Layout,SS-BTM-10,FDR-BTM-02,HT-1,3-Phase,1938.7,2021-04-15,12.931472,77.570075,NB-IoT,v4.0.1,Secure,True,"#738, 16th Main Road, BTM Layout, Bengaluru 56087",BTM Layout Ward
BSCM-000184,Industrial,Yelahanka,SS-YEL-09,FDR-YEL-03,HT-1,3-Phase,1910.7,2021-11-29,13.027092,77.609614,PLC,v3.1.2,HPL,True,"#739, Doddaballapur Road, Yelahanka, Bengaluru 56010",Yelahanka Ward
BSCM-000185,Residential,Whitefield,SS-WHI-01,FDR-WHI-02,LT-1,1-Phase,4.0,2021-07-25,12.962267,77.649483,NB-IoT,v4.1.0,L&T,True,"#740, ITPL Main Road, Whitefield, Bengaluru 56039",Whitefield Ward
BSCM-000186,Commercial,Rajajinagar,SS-RAJ-04,FDR-RAJ-03,LT-3,3-Phase,32.3,2022-06-11,13.003169,77.640805,NB-IoT,v4.0.1,HPL,True,"#741, Dr Rajkumar Road, Rajajinagar, Bengaluru 56034",Rajajinagar Ward
BSCM-000187,Commercial,Yelahanka,SS-YEL-09,FDR-YEL-01,LT-2,3-Phase,60.2,2020-01-22,12.94353,77.615766,GPRS,v4.0.1,Secure,True,"#742, Doddaballapur Road, Yelahanka, Bengaluru 56010",Yelahanka Ward
BSCM-000188,Commercial,Rajajinagar,SS-RAJ-04,FDR-RAJ-01,LT-2,3-Phase,75.7,2022-04-09,13.046067,77.630279,PLC,v4.1.0,Secure,True,"#743, Dr Rajkumar Road, Rajajinagar, Bengaluru 56034",Rajajinagar Ward
BSCM-000189,Residential,BTM Layout,SS-BTM-10,FDR-BTM-02,LT-1,1-Phase,4.4,2022-07-18,13.011992,77.669285,GPRS,v3.2.0,L&T,True,"#744, 16th Main Road, BTM Layout, Bengaluru 56087",BTM Layout Ward
BSCM-000190,Residential,Jayanagar,SS-JAY-03,FDR-JAY-03,LT-1,1-Phase,9.7,2020-07-12,13.01012,77.608034,RF Mesh,v3.2.0,HPL,True,"#736, 11th Main Road, Jayanagar, Bengaluru 56010",Jayanagar Ward
BSCM-000191,Residential,Yelahanka,SS-YEL-09,FDR-YEL-03,LT-1,1-Phase,3.6,2021-09-19,12.875438,77.717995,GPRS,v4.0.1,Genus,True,"#737, Doddaballapur Road, Yelahanka, Bengaluru 56010",Yelahanka Ward
BSCM-000192,Industrial,Koramangala,SS-KOR-02,FDR-KOR-03,HT-1,3-Phase,1234.2,2020-03-05,12.996751,77.586981,NB-IoT,v3.2.0,Genus,True,"#738, 80 Feet Road, Koramangala, Bengaluru 56038",Koramangala Ward
BSCM-000193,Industrial,Rajajinagar,SS-RAJ-04,FDR-RAJ-03,HT-1,3-Phase,322.2,2022-03-03,12.88534,77.597116,GPRS,v4.1.0,HPL,True,"#739, Dr Rajkumar Road, Rajajinagar, Bengaluru 56034",Rajajinagar Ward
BSCM-000194,Commercial,Electronic City,SS-ELE-06,FDR-ELE-03,LT-2,3-Phase,54.1,2021-12-13,12.96275,77.513403,PLC,v3.1.2,HPL,True,"#740, Neeladri Road, Electronic City, Bengaluru 56033",Electronic City Ward
BSCM-000195,Residential,Koramangala,SS-KOR-02,FDR-KOR-03,LT-1,1-Phase,7.2,2020-02-01,12.960963,77.541813,RF Mesh,v3.2.0,Genus,True,"#741, 80 Feet Road, Koramangala, Bengaluru 56038",Koramangala Ward
BSCM-000196,Residential,Indiranagar,SS-IND-08,FDR-IND-02,LT-1,1-Phase,8.2,2021-12-23,12.977701,77.643179,PLC,v4.0.1,L&T,True,"#742, 100 Feet Road, Indiranagar, Bengaluru 56040",Indiranagar Ward
BSCM-000197,Commercial,Indiranagar,SS-IND-08,FDR-IND-03,LT-2,3-Phase,99.1,2020-06-12,13.037836,77.574427,RF Mesh,v4.1.0,Genus,True,"#743, 100 Feet Road, Indiranagar, Bengaluru 56040",Indiranagar Ward
BSCM-000198,Industrial,Whitefield,SS-WHI-01,FDR-WHI-02,HT-2,3-Phase,1640.3,2022-04-06,12.937658,77.677688,NB-IoT,v3.2.0,L&T,True,"#744, ITPL Main Road, Whitefield, Bengaluru 56039",Whitefield Ward
BSCM-000199,Industrial,Jayanagar,SS-JAY-03,FDR-JAY-01,HT-1,3-Phase,1234.0,2022-08-03,13.09475,77.573159,PLC,v3.1.2,Landis+Gyr,True,"#745, 11th Main Road, Jayanagar, Bengaluru 56010",Jayanagar Ward
BSCM-000200,Commercial,BTM Layout,SS-BTM-10,FDR-BTM-01,LT-2,3-Phase,21.4,2021-05-14,13.027849,77.70712,NB-IoT,v4.1.0,Landis+Gyr,True,"#728, 16th Main Road, BTM Layout, Bengaluru 56087",BTM Layout Ward
BSCM-000201,Commercial,Yelahanka,SS-YEL-09,FDR-YEL-02,LT-2,3-Phase,67.0,2020-10-25,12.978903,77.569556,PLC,v4.1.0,HPL,True,"#729, Doddaballapur Road, Yelahanka, Bengaluru 56010",Yelahanka Ward
BSCM-000202,Residential,Hebbal,SS-HEB-05,FDR-HEB-03,LT-1,1-Phase,7.8,2022-05-26,12.865833,77.633606,GPRS,v4.1.0,Landis+Gyr,True,"#730, Bellary Road, Hebbal, Bengaluru 56034",Hebbal Ward
BSCM-000203,Residential,Electronic City,SS-ELE-06,FDR-ELE-02,LT-1,1-Phase,6.4,2021-01-10,13.073539,77.690564,RF Mesh,v3.1.2,HPL,True,"#731, Neeladri Road, Electronic City, Bengaluru 56033",Electronic City Ward
BSCM-000204,Industrial,Rajajinagar,SS-RAJ-04,FDR-RAJ-01,HT-2,3-Phase,912.8,2020-06-12,13.077352,77.720537,PLC,v3.2.0,Genus,True,"#732, Dr Rajkumar Road, Rajajinagar, Bengaluru 56034",Rajajinagar Ward
BSCM-000205,Commercial,BTM Layout,SS-BTM-10,FDR-BTM-01,LT-2,3-Phase,68.4,2020-11-01,13.031497,77.688808,NB-IoT,v3.1.2,Secure,True,"#733, 16th Main Road, BTM Layout, Bengaluru 56087",BTM Layout Ward
BSCM-000206,Residential,Koramangala,SS-KOR-02,FDR-KOR-01,LT-1,1-Phase,6.2,2021-08-26,12.880148,77.715085,GPRS,v4.1.0,Secure,True,"#734, 80 Feet Road, Koramangala, Bengaluru 56038",Koramangala Ward
BSCM-000207,Residential,Indiranagar,SS-IND-08,FDR-IND-01,LT-1,1-Phase,4.5,2022-05-05,13.038289,77.533287,GPRS,v3.1.2,L&T,True,"#735, 100 Feet Road, Indiranagar, Bengaluru 56040",Indiranagar Ward
BSCM-000208,Commercial,Electronic City,SS-ELE-06,FDR-ELE-01,LT-2,3-Phase,29.2,2020-06-14,13.004019,77.610596,GPRS,v3.1.2,Secure,True,"#736, Neeladri Road, Electronic City, Bengaluru 56033",Electronic City Ward
BSCM-000209,Residential,Hebbal,SS-HEB-05,FDR-HEB-03,LT-1,1-Phase,4.8,2020-10-07,13.011155,77.562042,PLC,v3.1.2,Genus,True,"#737, Bellary Road, Hebbal, Bengaluru 56034",Hebbal Ward
BSCM-000210,Residential,Yelahanka,SS-YEL-09,FDR-YEL-01,LT-1,1-Phase,4.4,2020-09-21,12.973722,77.528186,NB-IoT,v3.1.2,L&T,True,"#729, Doddaballapur Road, Yelahanka, Bengaluru 56010",Yelahanka Ward
BSCM-000211,Residential,Whitefield,SS-WHI-01,FDR-WHI-02,LT-1,1-Phase,3.1,2021-02-22,13.020736,77.690681,RF Mesh,v3.1.2,L&T,True,"#730, ITPL Main Road, Whitefield, Bengaluru 56039",Whitefield Ward
BSCM-000212,Commercial,Hebbal,SS-HEB-05,FDR-HEB-01,LT-2,3-Phase,45.8,2022-08-01,13.041778,77.605894,NB-IoT,v3.1.2,L&T,True,"#731, Bellary Road, Hebbal, Bengaluru 56034",Hebbal Ward
BSCM-000213,Commercial,Electronic City,SS-ELE-06,FDR-ELE-01,LT-2,3-Phase,92.9,2021-03-08,12.931688,77.646609,RF Mesh,v4.0.1,HPL,True,"#732, Neeladri Road, Electronic City, Bengaluru 56033",Electronic City Ward
BSCM-000214,Residential,Hebbal,SS-HEB-05,FDR-HEB-01,LT-1,1-Phase,2.7,2021-07-20,12.927323,77.685423,GPRS,v3.1.2,Secure,True,"#733, Bellary Road, Hebbal, Bengaluru 56034",Hebbal Ward
BSCM-000215,Commercial,Electronic City,SS-ELE-06,FDR-ELE-01,LT-2,3-Phase,57.1,2020-02-20,12.891741,77.531733,PLC,v3.1.2,Secure,True,"#734, Neeladri Road, Electronic City, Bengaluru 56033",Electronic City Ward
BSCM-000216,Residential,Electronic City,SS-ELE-06,FDR-ELE-03,LT-1,1-Phase,4.1,2022-07-25,12.977695,77.51386,GPRS,v4.0.1,Landis+Gyr,True,"#735, Neeladri Road, Electronic City, Bengaluru 56033",Electronic City Ward
BSCM-000217,Residential,Marathahalli,SS-MAR-07,FDR-MAR-03,LT-1,1-Phase,3.8,2022-04-10,12.911138,77.617941,NB-IoT,v3.2.0,Landis+Gyr,True,"#736, BESCOM Service Road, Marathahalli, Bengaluru 56054",Marathahalli Ward
BSCM-000218,Commercial,Rajajinagar,SS-RAJ-04,FDR-RAJ-03,LT-3,3-Phase,32.3,2020-07-27,13.056499,77.642884,RF Mesh,v3.1.2,Landis+Gyr,True,"#737, Dr Rajkumar Road, Rajajinagar, Bengaluru 56034",Rajajinagar Ward
BSCM-000219,Commercial,Indiranagar,SS-IND-08,FDR-IND-01,LT-2,3-Phase,51.9,2020-09-02,12.931825,77.638273,RF Mesh,v4.0.1,Landis+Gyr,True,"#738, 100 Feet Road, Indiranagar, Bengaluru 56040",Indiranagar Ward
BSCM-000220,Commercial,Marathahalli,SS-MAR-07,FDR-MAR-03,LT-2,3-Phase,63.3,2021-07-24,12.898856,77.725111,GPRS,v3.2.0,Secure,True,"#730, BESCOM Service Road, Marathahalli, Bengaluru 56054",Marathahalli Ward
BSCM-000221,Commercial,Yelahanka,SS-YEL-09,FDR-YEL-03,LT-2,3-Phase,72.4,2020-12-23,13.039732,77.594069,PLC,v3.1.2,Landis+Gyr,True,"#731, Doddaballapur Road, Yelahanka, Bengaluru 56010",Yelahanka Ward
BSCM-000222,Commercial,Marathahalli,SS-MAR-07,FDR-MAR-02,LT-2,3-Phase,22.8,2022-08-02,12.907868,77.711376,NB-IoT,v4.0.1,HPL,False,"#732, BESCOM Service Road, Marathahalli, Bengaluru 56054",Marathahalli Ward
BSCM-000223,Residential,Jayanagar,SS-JAY-03,FDR-JAY-01,LT-1,1-Phase,3.1,2020-02-01,12.958746,77.741055,GPRS,v4.0.1,Genus,True,"#733, 11th Main Road, Jayanagar, Bengaluru 56010",Jayanagar Ward
BSCM-000224,Residential,Jayanagar,SS-JAY-03,FDR-JAY-02,LT-1,1-Phase,4.5,2021-02-02,13.044984,77.646177,GPRS,v3.1.2,Landis+Gyr,True,"#734, 11th Main Road, Jayanagar, Bengaluru 56010",Jayanagar Ward
BSCM-000225,Residential,Indiranagar,SS-IND-08,FDR-IND-01,LT-1,1-Phase,9.7,2020-11-29,12.879978,77.539404,PLC,v3.1.2,Landis+Gyr,True,"#735, 100 Feet Road, Indiranagar, Bengaluru 56040",Indiranagar Ward
BSCM-000226,Residential,Hebbal,SS-HEB-05,FDR-HEB-01,LT-1,1-Phase,9.7,2021-07-12,13.055022,77.543467,NB-IoT,v4.1.0,L&T,True,"#736, Bellary Road, Hebbal, Bengaluru 56034",Hebbal Ward
BSCM-000227,Agricultural,Rajajinagar,SS-RAJ-04,FDR-RAJ-02,LT-5,1-Phase,13.0,2022-05-08,13.095642,77.532679,NB-IoT,v4.0.1,Secure,True,"#737, Dr Rajkumar Road, Rajajinagar, Bengaluru 56034",Rajajinagar Ward
BSCM-000228,Residential,Indiranagar,SS-IND-08,FDR-IND-01,LT-1,1-Phase,10.0,2022-10-19,12.872995,77.711819,PLC,v3.1.2,Secure,True,"#738, 100 Feet Road, Indiranagar, Bengaluru 56040",Indiranagar Ward
BSCM-000229,Industrial,Electronic City,SS-ELE-06,FDR-ELE-03,HT-1,3-Phase,156.0,2020-06-28,12.893202,77.553679,GPRS,v4.0.1,Genus,True,"#739, Neeladri Road, Electronic City, Bengaluru 56033",Electronic City Ward
BSCM-000230,Commercial,Koramangala,SS-KOR-02,FDR-KOR-03,LT-2,3-Phase,54.9,2021-07-17,12.87193,77.595754,NB-IoT,v3.2.0,L&T,True,"#731, 80 Feet Road, Koramangala, Bengaluru 56038",Koramangala Ward
BSCM-000231,Commercial,Rajajinagar,SS-RAJ-04,FDR-RAJ-03,LT-3,3-Phase,80.4,2022-10-24,12.97117,77.728169,PLC,v4.1.0,Genus,True,"#732, Dr Rajkumar Road, Rajajinagar, Bengaluru 56034",Rajajinagar Ward
BSCM-000232,Residential,Rajajinagar,SS-RAJ-04,FDR-RAJ-01,LT-1,1-Phase,9.2,2022-10-03,12.982358,77.691711,GPRS,v3.2.0,Secure,True,"#733, Dr Rajkumar Road, Rajajinagar, Bengaluru 56034",Rajajinagar Ward
BSCM-000233,Commercial,Electronic City,SS-ELE-06,FDR-ELE-03,LT-2,3-Phase,95.3,2022-08-10,12.947106,77.733802,GPRS,v3.2.0,Landis+Gyr,True,"#734, Neeladri Road, Electronic City, Bengaluru 56033",Electronic City Ward
BSCM-000234,Residential,Electronic City,SS-ELE-06,FDR-ELE-03,LT-1,1-Phase,9.3,2020-11-28,12.990902,77.640777,GPRS,v4.1.0,L&T,True,"#735, Neeladri Road, Electronic City, Bengaluru 56033",Electronic City Ward
BSCM-000235,Residential,Whitefield,SS-WHI-01,FDR-WHI-01,LT-1,1-Phase,3.9,2022-08-09,13.079474,77.550366,GPRS,v4.0.1,Landis+Gyr,True,"#736, ITPL Main Road, Whitefield, Bengaluru 56039",Whitefield Ward
BSCM-000236,Commercial,Indiranagar,SS-IND-08,FDR-IND-02,LT-3,3-Phase,62.8,2022-08-03,13.06162,77.715167,RF Mesh,v4.0.1,HPL,True,"#737, 100 Feet Road, Indiranagar, Bengaluru 56040",Indiranagar Ward
BSCM-000237,Residential,Electronic City,SS-ELE-06,FDR-ELE-02,LT-1,1-Phase,9.8,2022-02-26,12.9718,77.579321,PLC,v3.2.0,L&T,True,"#738, Neeladri Road, Electronic City, Bengaluru 56033",Electronic City Ward
BSCM-000238,Residential,Jayanagar,SS-JAY-03,FDR-JAY-03,LT-1,1-Phase,3.0,2021-04-08,12.9479,77.748571,RF Mesh,v3.2.0,L&T,True,"#739, 11th Main Road, Jayanagar, Bengaluru 56010",Jayanagar Ward
BSCM-000239,Commercial,Yelahanka,SS-YEL-09,FDR-YEL-03,LT-3,3-Phase,19.4,2021-09-06,12.869452,77.586703,PLC,v3.2.0,Secure,True,"#740, Doddaballapur Road, Yelahanka, Bengaluru 56010",Yelahanka Ward
BSCM-000240,Residential,Koramangala,SS-KOR-02,FDR-KOR-03,LT-1,1-Phase,5.6,2021-01-14,12.914164,77.527009,RF Mesh,v3.1.2,HPL,True,"#732, 80 Feet Road, Koramangala, Bengaluru 56038",Koramangala Ward
BSCM-000241,Industrial,Indiranagar,SS-IND-08,FDR-IND-01,HT-1,3-Phase,1137.4,2020-08-07,12.969872,77.716013,GPRS,v3.2.0,HPL,True,"#733, 100 Feet Road, Indiranagar, Bengaluru 56040",Indiranagar Ward
BSCM-000242,Agricultural,BTM Layout,SS-BTM-10,FDR-BTM-02,LT-5,1-Phase,5.0,2022-10-22,12.943864,77.682996,RF Mesh,v4.0.1,L&T,False,"#734, 16th Main Road, BTM Layout, Bengaluru 56087",BTM Layout Ward
BSCM-000243,Industrial,Jayanagar,SS-JAY-03,FDR-JAY-03,HT-2,3-Phase,1253.9,2022-09-30,12.863389,77.582774,GPRS,v4.1.0,L&T,True,"#735, 11th Main Road, Jayanagar, Bengaluru 56010",Jayanagar Ward
BSCM-000244,Residential,Hebbal,SS-HEB-05,FDR-HEB-02,LT-1,1-Phase,4.4,2021-05-05,12.972737,77.513626,RF Mesh,v4.1.0,Secure,True,"#736, Bellary Road, Hebbal, Bengaluru 56034",Hebbal Ward
BSCM-000245,Residential,Electronic City,SS-ELE-06,FDR-ELE-03,LT-1,1-Phase,3.6,2020-03-24,12.870484,77.710942,PLC,v4.1.0,HPL,True,"#737, Neeladri Road, Electronic City, Bengaluru 56033",Electronic City Ward
BSCM-000246,Industrial,BTM Layout,SS-BTM-10,FDR-BTM-01,HT-2,3-Phase,801.9,2020-09-30,12.915824,77.616264,GPRS,v4.0.1,L&T,True,"#738, 16th Main Road, BTM Layout, Bengaluru 56087",BTM Layout Ward
BSCM-000247,Residential,Electronic City,SS-ELE-06,FDR-ELE-03,LT-1,1-Phase,2.7,2022-05-18,12.997432,77.6384,NB-IoT,v4.1.0,L&T,True,"#739, Neeladri Road, Electronic City, Bengaluru 56033",Electronic City Ward
BSCM-000248,Agricultural,Rajajinagar,SS-RAJ-04,FDR-RAJ-03,LT-5,1-Phase,11.6,2021-08-07,12.975525,77.725114,GPRS,v3.1.2,HPL,True,"#740, Dr Rajkumar Road, Rajajinagar, Bengaluru 56034",Rajajinagar Ward
BSCM-000249,Agricultural,Jayanagar,SS-JAY-03,FDR-JAY-01,LT-5,1-Phase,8.2,2021-11-03,13.099317,77.656807,PLC,v4.0.1,Secure,True,"#741, 11th Main Road, Jayanagar, Bengaluru 56010",Jayanagar Ward
BSCM-000250,Industrial,Rajajinagar,SS-RAJ-04,FDR-RAJ-03,HT-1,3-Phase,1842.6,2021-02-03,13.025103,77.646894,NB-IoT,v3.1.2,HPL,True,"#733, Dr Rajkumar Road, Rajajinagar, Bengaluru 56034",Rajajinagar Ward
BSCM-000251,Residential,Whitefield,SS-WHI-01,FDR-WHI-03,LT-1,1-Phase,9.4,2022-05-11,12.983908,77.585967,NB-IoT,v4.0.1,HPL,True,"#734, ITPL Main Road, Whitefield, Bengaluru 56039",Whitefield Ward
BSCM-000252,Residential,Rajajinagar,SS-RAJ-04,FDR-RAJ-02,LT-1,1-Phase,3.4,2022-09-17,12.95043,77.598948,PLC,v3.2.0,Secure,True,"#735, Dr Rajkumar Road, Rajajinagar, Bengaluru 56034",Rajajinagar Ward
BSCM-000253,Industrial,Whitefield,SS-WHI-01,FDR-WHI-02,HT-2,3-Phase,690.8,2022-10-22,13.064559,77.671213,GPRS,v3.2.0,Genus,False,"#736, ITPL Main Road, Whitefield, Bengaluru 56039",Whitefield Ward
BSCM-000254,Residential,Whitefield,SS-WHI-01,FDR-WHI-02,LT-1,1-Phase,7.8,2021-05-30,13.078358,77.601793,NB-IoT,v4.0.1,Secure,True,"#737, ITPL Main Road, Whitefield, Bengaluru 56039",Whitefield Ward
BSCM-000255,Residential,BTM Layout,SS-BTM-10,FDR-BTM-02,LT-1,1-Phase,5.2,2020-01-30,12.893434,77.718795,GPRS,v3.1.2,Landis+Gyr,True,"#738, 16th Main Road, BTM Layout, Bengaluru 56087",BTM Layout Ward
BSCM-000256,Commercial,Electronic City,SS-ELE-06,FDR-ELE-02,LT-2,3-Phase,84.1,2021-10-21,12.880968,77.507641,PLC,v4.1.0,L&T,True,"#739, Neeladri Road, Electronic City, Bengaluru 56033",Electronic City Ward
BSCM-000257,Industrial,Hebbal,SS-HEB-05,FDR-HEB-02,HT-2,3-Phase,591.5,2020-12-16,12.872598,77.506863,RF Mesh,v3.2.0,L&T,True,"#740, Bellary Road, Hebbal, Bengaluru 56034",Hebbal Ward
BSCM-000258,Commercial,Rajajinagar,SS-RAJ-04,FDR-RAJ-01,LT-2,3-Phase,34.2,2021-08-28,13.045076,77.691893,RF Mesh,v4.1.0,Landis+Gyr,True,"#741, Dr Rajkumar Road, Rajajinagar, Bengaluru 56034",Rajajinagar Ward
BSCM-000259,Commercial,Jayanagar,SS-JAY-03,FDR-JAY-01,LT-2,3-Phase,82.5,2021-08-31,13.010685,77.605952,NB-IoT,v4.0.1,HPL,True,"#742, 11th Main Road, Jayanagar, Bengaluru 56010",Jayanagar Ward
BSCM-000260,Residential,Whitefield,SS-WHI-01,FDR-WHI-03,LT-1,1-Phase,6.7,2020-09-10,13.059845,77.640364,PLC,v4.0.1,Secure,True,"#734, ITPL Main Road, Whitefield, Bengaluru 56039",Whitefield Ward
BSCM-000261,Commercial,Electronic City,SS-ELE-06,FDR-ELE-02,LT-2,3-Phase,33.5,2021-02-05,12.924698,77.537482,GPRS,v3.1.2,L&T,True,"#735, Neeladri Road, Electronic City, Bengaluru 56033",Electronic City Ward
BSCM-000262,Agricultural,Koramangala,SS-KOR-02,FDR-KOR-01,LT-5,1-Phase,8.0,2022-10-11,12.947069,77.50883,GPRS,v4.0.1,Landis+Gyr,True,"#736, 80 Feet Road, Koramangala, Bengaluru 56038",Koramangala Ward
BSCM-000263,Residential,Indiranagar,SS-IND-08,FDR-IND-02,LT-1,1-Phase,6.1,2020-11-28,12.895284,77.524401,GPRS,v4.0.1,L&T,True,"#737, 100 Feet Road, Indiranagar, Bengaluru 56040",Indiranagar Ward
BSCM-000264,Residential,BTM Layout,SS-BTM-10,FDR-BTM-03,LT-1,1-Phase,7.2,2021-01-14,12.955118,77.721711,PLC,v4.0.1,L&T,True,"#738, 16th Main Road, BTM Layout, Bengaluru 56087",BTM Layout Ward
BSCM-000265,Industrial,Hebbal,SS-HEB-05,FDR-HEB-02,HT-2,3-Phase,1894.2,2022-08-15,13.072357,77.625119,NB-IoT,v4.0.1,HPL,True,"#739, Bellary Road, Hebbal, Bengaluru 56034",Hebbal Ward
BSCM-000266,Commercial,Marathahalli,SS-MAR-07,FDR-MAR-01,LT-3,3-Phase,98.8,2021-10-18,12.885806,77.715598,GPRS,v3.1.2,HPL,True,"#740, BESCOM Service Road, Marathahalli, Bengaluru 56054",Marathahalli Ward
BSCM-000267,Commercial,BTM Layout,SS-BTM-10,FDR-BTM-02,LT-3,3-Phase,34.6,2022-08-06,13.041121,77.622394,RF Mesh,v3.2.0,L&T,True,"#741, 16th Main Road, BTM Layout, Bengaluru 56087",BTM Layout Ward
BSCM-000268,Commercial,Koramangala,SS-KOR-02,FDR-KOR-02,LT-2,3-Phase,13.4,2020-03-30,12.853519,77.580553,GPRS,v3.1.2,Secure,True,"#742, 80 Feet Road, Koramangala, Bengaluru 56038",Koramangala Ward
BSCM-000269,Residential,Indiranagar,SS-IND-08,FDR-IND-03,LT-1,1-Phase,4.5,2020-12-27,12.866322,77.51143,PLC,v4.1.0,L&T,True,"#743, 100 Feet Road, Indiranagar, Bengaluru 56040",Indiranagar Ward
BSCM-000270,Residential,Koramangala,SS-KOR-02,FDR-KOR-03,LT-1,1-Phase,4.7,2022-03-03,13.087021,77.729551,NB-IoT,v3.1.2,Landis+Gyr,True,"#735, 80 Feet Road, Koramangala, Bengaluru 56038",Koramangala Ward
BSCM-000271,Commercial,Rajajinagar,SS-RAJ-04,FDR-RAJ-01,LT-3,3-Phase,25.2,2022-10-19,12.859341,77.719136,PLC,v3.1.2,L&T,False,"#736, Dr Rajkumar Road, Rajajinagar, Bengaluru 56034",Rajajinagar Ward
BSCM-000272,Commercial,Whitefield,SS-WHI-01,FDR-WHI-03,LT-2,3-Phase,20.4,2022-10-23,12.913185,77.675467,GPRS,v3.1.2,Genus,True,"#737, ITPL Main Road, Whitefield, Bengaluru 56039",Whitefield Ward
BSCM-000273,Industrial,Hebbal,SS-HEB-05,FDR-HEB-03,HT-1,3-Phase,895.8,2021-05-29,12.977896,77.654424,PLC,v3.1.2,Secure,True,"#738, Bellary Road, Hebbal, Bengaluru 56034",Hebbal Ward
BSCM-000274,Industrial,Yelahanka,SS-YEL-09,FDR-YEL-02,HT-2,3-Phase,404.7,2021-10-15,13.077589,77.672051,NB-IoT,v4.0.1,Landis+Gyr,True,"#739, Doddaballapur Road, Yelahanka, Bengaluru 56010",Yelahanka Ward
BSCM-000275,Residential,Whitefield,SS-WHI-01,FDR-WHI-01,LT-1,1-Phase,3.2,2020-02-25,12.875323,77.563973,GPRS,v4.1.0,Genus,True,"#740, ITPL Main Road, Whitefield, Bengaluru 56039",Whitefield Ward
BSCM-000276,Residential,Yelahanka,SS-YEL-09,FDR-YEL-01,LT-1,1-Phase,8.8,2022-09-13,12.878975,77.712811,RF Mesh,v3.1.2,Landis+Gyr,True,"#741, Doddaballapur Road, Yelahanka, Bengaluru 56010",Yelahanka Ward
BSCM-000277,Commercial,Indiranagar,SS-IND-08,FDR-IND-02,LT-2,3-Phase,34.1,2020-06-19,12.935681,77.528458,NB-IoT,v4.1.0,Genus,True,"#742, 100 Feet Road, Indiranagar, Bengaluru 56040",Indiranagar Ward
BSCM-000278,Commercial,Electronic City,SS-ELE-06,FDR-ELE-02,LT-2,3-Phase,81.7,2020-07-22,12.864662,77.735617,GPRS,v3.1.2,HPL,True,"#743, Neeladri Road, Electronic City, Bengaluru 56033",Electronic City Ward
BSCM-000279,Commercial,Marathahalli,SS-MAR-07,FDR-MAR-03,LT-2,3-Phase,44.2,2020-06-18,13.021116,77.709634,GPRS,v4.1.0,HPL,True,"#744, BESCOM Service Road, Marathahalli, Bengaluru 56054",Marathahalli Ward
BSCM-000280,Commercial,Jayanagar,SS-JAY-03,FDR-JAY-01,LT-2,3-Phase,38.3,2022-07-26,13.041882,77.644162,GPRS,v4.0.1,L&T,True,"#736, 11th Main Road, Jayanagar, Bengaluru 56010",Jayanagar Ward
BSCM-000281,Industrial,Whitefield,SS-WHI-01,FDR-WHI-01,HT-2,3-Phase,756.9,2020-06-29,12.946219,77.709758,RF Mesh,v3.1.2,Landis+Gyr,True,"#737, ITPL Main Road, Whitefield, Bengaluru 56039",Whitefield Ward
BSCM-000282,Residential,Hebbal,SS-HEB-05,FDR-HEB-02,LT-1,1-Phase,2.6,2021-12-29,12.862588,77.555677,NB-IoT,v4.1.0,Landis+Gyr,True,"#738, Bellary Road, Hebbal, Bengaluru 56034",Hebbal Ward
BSCM-000283,Residential,Koramangala,SS-KOR-02,FDR-KOR-03,LT-1,1-Phase,2.7,2020-05-29,13.03631,77.504442,NB-IoT,v4.1.0,Secure,True,"#739, 80 Feet Road, Koramangala, Bengaluru 56038",Koramangala Ward
BSCM-000284,Residential,Hebbal,SS-HEB-05,FDR-HEB-01,LT-1,1-Phase,9.1,2021-03-19,12.935214,77.706328,GPRS,v4.1.0,Genus,True,"#740, Bellary Road, Hebbal, Bengaluru 56034",Hebbal Ward
BSCM-000285,Commercial,Indiranagar,SS-IND-08,FDR-IND-02,LT-2,3-Phase,20.3,2020-11-18,12.935339,77.707471,PLC,v4.0.1,Secure,True,"#741, 100 Feet Road, Indiranagar, Bengaluru 56040",Indiranagar Ward
BSCM-000286,Residential,Yelahanka,SS-YEL-09,FDR-YEL-01,LT-1,1-Phase,2.9,2020-08-16,12.948224,77.614262,GPRS,v4.0.1,Secure,True,"#742, Doddaballapur Road, Yelahanka, Bengaluru 56010",Yelahanka Ward
BSCM-000287,Residential,Koramangala,SS-KOR-02,FDR-KOR-03,LT-1,1-Phase,8.2,2022-03-25,12.883659,77.624707,RF Mesh,v4.1.0,L&T,True,"#743, 80 Feet Road, Koramangala, Bengaluru 56038",Koramangala Ward
BSCM-000288,Residential,Jayanagar,SS-JAY-03,FDR-JAY-01,LT-1,1-Phase,7.8,2021-12-12,13.070674,77.626028,NB-IoT,v4.1.0,L&T,True,"#744, 11th Main Road, Jayanagar, Bengaluru 56010",Jayanagar Ward
BSCM-000289,Residential,Jayanagar,SS-JAY-03,FDR-JAY-02,LT-1,1-Phase,9.7,2020-09-09,12.953186,77.675004,PLC,v4.0.1,L&T,True,"#745, 11th Main Road, Jayanagar, Bengaluru 56010",Jayanagar Ward
BSCM-000290,Commercial,Whitefield,SS-WHI-01,FDR-WHI-03,LT-2,3-Phase,92.9,2021-04-16,13.093795,77.544453,PLC,v3.1.2,Genus,True,"#737, ITPL Main Road, Whitefield, Bengaluru 56039",Whitefield Ward
BSCM-000291,Residential,Indiranagar,SS-IND-08,FDR-IND-03,LT-1,1-Phase,7.4,2020-07-31,12.955597,77.503193,RF Mesh,v3.1.2,HPL,True,"#738, 100 Feet Road, Indiranagar, Bengaluru 56040",Indiranagar Ward
BSCM-000292,Residential,Electronic City,SS-ELE-06,FDR-ELE-01,LT-1,1-Phase,8.0,2021-06-04,13.059845,77.672649,PLC,v3.2.0,L&T,True,"#739, Neeladri Road, Electronic City, Bengaluru 56033",Electronic City Ward
BSCM-000293,Commercial,Indiranagar,SS-IND-08,FDR-IND-01,LT-3,3-Phase,60.5,2021-08-30,13.049705,77.57191,RF Mesh,v4.1.0,HPL,True,"#740, 100 Feet Road, Indiranagar, Bengaluru 56040",Indiranagar Ward
BSCM-000294,Residential,Yelahanka,SS-YEL-09,FDR-YEL-03,LT-1,1-Phase,9.7,2021-03-02,13.067212,77.715111,NB-IoT,v3.2.0,Genus,True,"#741, Doddaballapur Road, Yelahanka, Bengaluru 56010",Yelahanka Ward
BSCM-000295,Residential,Hebbal,SS-HEB-05,FDR-HEB-03,LT-1,1-Phase,8.2,2021-10-26,13.020665,77.546744,GPRS,v3.1.2,HPL,True,"#742, Bellary Road, Hebbal, Bengaluru 56034",Hebbal Ward
BSCM-000296,Residential,Jayanagar,SS-JAY-03,FDR-JAY-02,LT-1,1-Phase,3.3,2022-03-11,13.084374,77.509985,PLC,v3.1.2,L&T,True,"#743, 11th Main Road, Jayanagar, Bengaluru 56010",Jayanagar Ward
BSCM-000297,Commercial,Hebbal,SS-HEB-05,FDR-HEB-03,LT-2,3-Phase,73.7,2020-11-29,12.980152,77.696565,GPRS,v4.1.0,L&T,True,"#744, Bellary Road, Hebbal, Bengaluru 56034",Hebbal Ward
BSCM-000298,Residential,Hebbal,SS-HEB-05,FDR-HEB-01,LT-1,1-Phase,7.3,2021-09-22,13.00457,77.618714,RF Mesh,v3.1.2,Genus,True,"#745, Bellary Road, Hebbal, Bengaluru 56034",Hebbal Ward
BSCM-000299,Commercial,Hebbal,SS-HEB-05,FDR-HEB-03,LT-3,3-Phase,71.4,2021-07-21,13.086247,77.596469,PLC,v3.1.2,L&T,True,"#746, Bellary Road, Hebbal, Bengaluru 56034",Hebbal Ward
BSCM-000300,Residential,Jayanagar,SS-JAY-03,FDR-JAY-03,LT-1,1-Phase,5.9,2020-06-03,12.870586,77.523989,RF Mesh,v3.1.2,Landis+Gyr,True,"#729, 11th Main Road, Jayanagar, Bengaluru 56010",Jayanagar Ward
BSCM-000301,Residential,BTM Layout,SS-BTM-10,FDR-BTM-03,LT-1,1-Phase,8.7,2020-07-17,13.035344,77.608809,RF Mesh,v3.2.0,Secure,True,"#730, 16th Main Road, BTM Layout, Bengaluru 56087",BTM Layout Ward
BSCM-000302,Residential,Rajajinagar,SS-RAJ-04,FDR-RAJ-01,LT-1,1-Phase,2.4,2022-07-05,12.906911,77.564662,NB-IoT,v4.1.0,HPL,True,"#731, Dr Rajkumar Road, Rajajinagar, Bengaluru 56034",Rajajinagar Ward
BSCM-000303,Residential,Yelahanka,SS-YEL-09,FDR-YEL-03,LT-1,1-Phase,6.3,2022-04-04,12.996402,77.675221,RF Mesh,v4.0.1,L&T,True,"#732, Doddaballapur Road, Yelahanka, Bengaluru 56010",Yelahanka Ward
BSCM-000304,Commercial,BTM Layout,SS-BTM-10,FDR-BTM-02,LT-2,3-Phase,93.4,2022-06-08,12.857705,77.539081,GPRS,v3.2.0,HPL,True,"#733, 16th Main Road, BTM Layout, Bengaluru 56087",BTM Layout Ward
BSCM-000305,Commercial,Yelahanka,SS-YEL-09,FDR-YEL-02,LT-3,3-Phase,89.8,2022-02-10,13.011985,77.739348,RF Mesh,v3.2.0,Secure,True,"#734, Doddaballapur Road, Yelahanka, Bengaluru 56010",Yelahanka Ward
BSCM-000306,Agricultural,Koramangala,SS-KOR-02,FDR-KOR-02,LT-5,1-Phase,7.1,2022-06-11,12.953164,77.661483,GPRS,v3.2.0,Landis+Gyr,True,"#735, 80 Feet Road, Koramangala, Bengaluru 56038",Koramangala Ward
BSCM-000307,Residential,Indiranagar,SS-IND-08,FDR-IND-01,LT-1,1-Phase,3.5,2022-04-12,13.083092,77.748578,NB-IoT,v3.1.2,Genus,True,"#736, 100 Feet Road, Indiranagar, Bengaluru 56040",Indiranagar Ward
BSCM-000308,Residential,Indiranagar,SS-IND-08,FDR-IND-01,LT-1,1-Phase,9.6,2020-03-10,12.921284,77.517452,GPRS,v4.0.1,HPL,True,"#737, 100 Feet Road, Indiranagar, Bengaluru 56040",Indiranagar Ward
BSCM-000309,Commercial,Marathahalli,SS-MAR-07,FDR-MAR-02,LT-2,3-Phase,42.8,2022-01-24,12.851208,77.561544,GPRS,v4.1.0,Genus,True,"#738, BESCOM Service Road, Marathahalli, Bengaluru 56054",Marathahalli Ward
BSCM-000310,Residential,Indiranagar,SS-IND-08,FDR-IND-03,LT-1,1-Phase,9.0,2021-01-22,12.987918,77.543943,RF Mesh,v4.0.1,Landis+Gyr,True,"#730, 100 Feet Road, Indiranagar, Bengaluru 56040",Indiranagar Ward
BSCM-000311,Residential,Jayanagar,SS-JAY-03,FDR-JAY-03,LT-1,1-Phase,7.8,2022-06-29,13.053161,77.644725,GPRS,v3.1.2,L&T,True,"#731, 11th Main Road, Jayanagar, Bengaluru 56010",Jayanagar Ward
BSCM-000312,Residential,Electronic City,SS-ELE-06,FDR-ELE-03,LT-1,1-Phase,7.2,2020-04-10,12.9974,77.714291,GPRS,v4.1.0,L&T,True,"#732, Neeladri Road, Electronic City, Bengaluru 56033",Electronic City Ward
BSCM-000313,Residential,Whitefield,SS-WHI-01,FDR-WHI-03,LT-1,1-Phase,7.3,2022-11-11,12.891461,77.628534,NB-IoT,v3.2.0,Landis+Gyr,True,"#733, ITPL Main Road, Whitefield, Bengaluru 56039",Whitefield Ward
BSCM-000314,Agricultural,Marathahalli,SS-MAR-07,FDR-MAR-01,LT-5,1-Phase,5.8,2020-03-17,12.916089,77.558505,GPRS,v4.0.1,HPL,True,"#734, BESCOM Service Road, Marathahalli, Bengaluru 56054",Marathahalli Ward
BSCM-000315,Commercial,Whitefield,SS-WHI-01,FDR-WHI-01,LT-2,3-Phase,39.2,2022-09-12,13.057412,77.708718,PLC,v3.2.0,HPL,True,"#735, ITPL Main Road, Whitefield, Bengaluru 56039",Whitefield Ward
BSCM-000316,Commercial,Yelahanka,SS-YEL-09,FDR-YEL-03,LT-2,3-Phase,43.9,2022-06-26,12.938225,77.71693,NB-IoT,v4.1.0,L&T,True,"#736, Doddaballapur Road, Yelahanka, Bengaluru 56010",Yelahanka Ward
BSCM-000317,Residential,Whitefield,SS-WHI-01,FDR-WHI-02,LT-1,1-Phase,3.8,2021-12-28,12.889339,77.650505,RF Mesh,v3.2.0,HPL,True,"#737, ITPL Main Road, Whitefield, Bengaluru 56039",Whitefield Ward
BSCM-000318,Residential,Whitefield,SS-WHI-01,FDR-WHI-02,LT-1,1-Phase,5.8,2020-03-27,12.910918,77.531971,GPRS,v3.2.0,L&T,True,"#738, ITPL Main Road, Whitefield, Bengaluru 56039",Whitefield Ward
BSCM-000319,Residential,Marathahalli,SS-MAR-07,FDR-MAR-01,LT-1,1-Phase,4.1,2021-12-27,12.990901,77.504655,PLC,v3.1.2,Landis+Gyr,True,"#739, BESCOM Service Road, Marathahalli, Bengaluru 56054",Marathahalli Ward
BSCM-000320,Residential,Koramangala,SS-KOR-02,FDR-KOR-02,LT-1,1-Phase,3.8,2021-12-18,13.041873,77.655803,PLC,v3.2.0,Genus,True,"#731, 80 Feet Road, Koramangala, Bengaluru 56038",Koramangala Ward
BSCM-000321,Residential,Hebbal,SS-HEB-05,FDR-HEB-01,LT-1,1-Phase,5.0,2021-08-19,13.077335,77.671092,GPRS,v3.1.2,Landis+Gyr,True,"#732, Bellary Road, Hebbal, Bengaluru 56034",Hebbal Ward
BSCM-000322,Commercial,Indiranagar,SS-IND-08,FDR-IND-01,LT-2,3-Phase,18.4,2020-02-06,12.984821,77.5003,NB-IoT,v4.1.0,Genus,True,"#733, 100 Feet Road, Indiranagar, Bengaluru 56040",Indiranagar Ward
BSCM-000323,Commercial,Indiranagar,SS-IND-08,FDR-IND-02,LT-2,3-Phase,53.4,2021-08-20,13.051155,77.726965,RF Mesh,v4.1.0,Landis+Gyr,True,"#734, 100 Feet Road, Indiranagar, Bengaluru 56040",Indiranagar Ward
BSCM-000324,Residential,Jayanagar,SS-JAY-03,FDR-JAY-01,LT-1,1-Phase,6.8,2021-05-01,13.035911,77.501779,RF Mesh,v3.1.2,HPL,True,"#735, 11th Main Road, Jayanagar, Bengaluru 56010",Jayanagar Ward
BSCM-000325,Agricultural,Marathahalli,SS-MAR-07,FDR-MAR-02,LT-5,1-Phase,6.0,2020-08-17,13.063744,77.60589,PLC,v4.0.1,HPL,True,"#736, BESCOM Service Road, Marathahalli, Bengaluru 56054",Marathahalli Ward
BSCM-000326,Commercial,Jayanagar,SS-JAY-03,FDR-JAY-03,LT-2,3-Phase,60.3,2020-03-19,12.994413,77.693549,NB-IoT,v3.2.0,Secure,True,"#737, 11th Main Road, Jayanagar, Bengaluru 56010",Jayanagar Ward
BSCM-000327,Commercial,Electronic City,SS-ELE-06,FDR-ELE-03,LT-2,3-Phase,55.8,2022-01-05,13.003506,77.671141,RF Mesh,v3.2.0,HPL,True,"#738, Neeladri Road, Electronic City, Bengaluru 56033",Electronic City Ward
BSCM-000328,Commercial,Electronic City,SS-ELE-06,FDR-ELE-01,LT-2,3-Phase,64.0,2022-02-08,12.942709,77.652257,NB-IoT,v4.1.0,L&T,True,"#739, Neeladri Road, Electronic City, Bengaluru 56033",Electronic City Ward
BSCM-000329,Residential,Jayanagar,SS-JAY-03,FDR-JAY-03,LT-1,1-Phase,9.6,2022-08-07,12.900427,77.664221,PLC,v3.2.0,Secure,True,"#740, 11th Main Road, Jayanagar, Bengaluru 56010",Jayanagar Ward
BSCM-000330,Residential,Marathahalli,SS-MAR-07,FDR-MAR-03,LT-1,1-Phase,6.9,2021-08-15,13.093911,77.521711,PLC,v4.1.0,Genus,True,"#732, BESCOM Service Road, Marathahalli, Bengaluru 56054",Marathahalli Ward
BSCM-000331,Residential,Jayanagar,SS-JAY-03,FDR-JAY-01,LT-1,1-Phase,2.1,2020-01-07,13.031535,77.639778,PLC,v4.0.1,Genus,True,"#733, 11th Main Road, Jayanagar, Bengaluru 56010",Jayanagar Ward
BSCM-000332,Commercial,Indiranagar,SS-IND-08,FDR-IND-02,LT-3,3-Phase,33.5,2020-08-27,12.868096,77.573563,RF Mesh,v4.0.1,L&T,True,"#734, 100 Feet Road, Indiranagar, Bengaluru 56040",Indiranagar Ward
BSCM-000333,Residential,BTM Layout,SS-BTM-10,FDR-BTM-03,LT-1,1-Phase,9.7,2020-06-09,13.09031,77.614712,NB-IoT,v3.1.2,HPL,True,"#735, 16th Main Road, BTM Layout, Bengaluru 56087",BTM Layout Ward
BSCM-000334,Residential,Rajajinagar,SS-RAJ-04,FDR-RAJ-03,LT-1,1-Phase,7.4,2021-09-07,12.979126,77.502431,PLC,v3.2.0,Genus,True,"#736, Dr Rajkumar Road, Rajajinagar, Bengaluru 56034",Rajajinagar Ward
BSCM-000335,Residential,Whitefield,SS-WHI-01,FDR-WHI-02,LT-1,1-Phase,6.4,2022-06-30,12.993428,77.545696,GPRS,v4.1.0,Landis+Gyr,True,"#737, ITPL Main Road, Whitefield, Bengaluru 56039",Whitefield Ward
BSCM-000336,Residential,Rajajinagar,SS-RAJ-04,FDR-RAJ-02,LT-1,1-Phase,3.8,2021-10-05,13.044735,77.52997,RF Mesh,v4.1.0,L&T,True,"#738, Dr Rajkumar Road, Rajajinagar, Bengaluru 56034",Rajajinagar Ward
BSCM-000337,Industrial,Marathahalli,SS-MAR-07,FDR-MAR-01,HT-2,3-Phase,1806.4,2020-03-20,12.99363,77.568683,GPRS,v4.0.1,HPL,True,"#739, BESCOM Service Road, Marathahalli, Bengaluru 56054",Marathahalli Ward
BSCM-000338,Commercial,Rajajinagar,SS-RAJ-04,FDR-RAJ-01,LT-2,3-Phase,58.7,2020-07-19,13.021585,77.5437,RF Mesh,v4.1.0,Genus,True,"#740, Dr Rajkumar Road, Rajajinagar, Bengaluru 56034",Rajajinagar Ward
BSCM-000339,Residential,Electronic City,SS-ELE-06,FDR-ELE-01,LT-1,1-Phase,6.6,2020-10-16,12.987141,77.559285,NB-IoT,v4.0.1,Genus,True,"#741, Neeladri Road, Electronic City, Bengaluru 56033",Electronic City Ward
BSCM-000340,Residential,Yelahanka,SS-YEL-09,FDR-YEL-02,LT-1,1-Phase,4.9,2020-10-31,13.094818,77.671503,RF Mesh,v4.0.1,Landis+Gyr,True,"#733, Doddaballapur Road, Yelahanka, Bengaluru 56010",Yelahanka Ward
BSCM-000341,Residential,Whitefield,SS-WHI-01,FDR-WHI-01,LT-1,1-Phase,8.4,2022-02-07,12.95538,77.533618,PLC,v4.1.0,Genus,True,"#734, ITPL Main Road, Whitefield, Bengaluru 56039",Whitefield Ward
BSCM-000342,Residential,Hebbal,SS-HEB-05,FDR-HEB-01,LT-1,1-Phase,2.8,2020-09-08,13.059743,77.524075,PLC,v4.0.1,Genus,True,"#735, Bellary Road, Hebbal, Bengaluru 56034",Hebbal Ward
BSCM-000343,Residential,Marathahalli,SS-MAR-07,FDR-MAR-02,LT-1,1-Phase,2.2,2020-12-28,12.89974,77.643974,GPRS,v4.0.1,Genus,True,"#736, BESCOM Service Road, Marathahalli, Bengaluru 56054",Marathahalli Ward
BSCM-000344,Residential,Whitefield,SS-WHI-01,FDR-WHI-03,LT-1,1-Phase,9.1,2020-05-31,12.886212,77.541894,PLC,v4.1.0,L&T,True,"#737, ITPL Main Road, Whitefield, Bengaluru 56039",Whitefield Ward
BSCM-000345,Residential,Rajajinagar,SS-RAJ-04,FDR-RAJ-01,LT-1,1-Phase,3.3,2022-06-23,12.916868,77.661161,PLC,v4.1.0,Genus,True,"#738, Dr Rajkumar Road, Rajajinagar, Bengaluru 56034",Rajajinagar Ward
BSCM-000346,Commercial,Electronic City,SS-ELE-06,FDR-ELE-02,LT-2,3-Phase,86.9,2020-08-07,12.912912,77.685969,RF Mesh,v3.2.0,Landis+Gyr,True,"#739, Neeladri Road, Electronic City, Bengaluru 56033",Electronic City Ward
BSCM-000347,Commercial,Koramangala,SS-KOR-02,FDR-KOR-02,LT-2,3-Phase,45.7,2022-08-14,12.915613,77.538819,NB-IoT,v4.0.1,Landis+Gyr,True,"#740, 80 Feet Road, Koramangala, Bengaluru 56038",Koramangala Ward
BSCM-000348,Residential,BTM Layout,SS-BTM-10,FDR-BTM-03,LT-1,1-Phase,3.1,2022-03-19,13.065092,77.5813,NB-IoT,v4.1.0,L&T,True,"#741, 16th Main Road, BTM Layout, Bengaluru 56087",BTM Layout Ward
BSCM-000349,Residential,Hebbal,SS-HEB-05,FDR-HEB-01,LT-1,1-Phase,6.7,2021-12-05,12.958744,77.659947,PLC,v4.0.1,HPL,True,"#742, Bellary Road, Hebbal, Bengaluru 56034",Hebbal Ward
BSCM-000350,Commercial,BTM Layout,SS-BTM-10,FDR-BTM-02,LT-3,3-Phase,33.4,2021-03-12,13.053845,77.711987,PLC,v4.0.1,HPL,True,"#734, 16th Main Road, BTM Layout, Bengaluru 56087",BTM Layout Ward
BSCM-000351,Residential,Whitefield,SS-WHI-01,FDR-WHI-02,LT-1,1-Phase,4.4,2020-03-30,13.049192,77.637053,GPRS,v4.1.0,L&T,True,"#735, ITPL Main Road, Whitefield, Bengaluru 56039",Whitefield Ward
BSCM-000352,Industrial,Electronic City,SS-ELE-06,FDR-ELE-03,HT-1,3-Phase,250.5,2020-09-25,12.979153,77.69999,PLC,v4.0.1,L&T,True,"#736, Neeladri Road, Electronic City, Bengaluru 56033",Electronic City Ward
BSCM-000353,Commercial,Electronic City,SS-ELE-06,FDR-ELE-01,LT-2,3-Phase,19.9,2021-11-24,13.025118,77.622999,PLC,v3.1.2,Landis+Gyr,True,"#737, Neeladri Road, Electronic City, Bengaluru 56033",Electronic City Ward
BSCM-000354,Residential,Rajajinagar,SS-RAJ-04,FDR-RAJ-01,LT-1,1-Phase,4.3,2022-05-07,12.872549,77.503681,GPRS,v4.0.1,HPL,True,"#738, Dr Rajkumar Road, Rajajinagar, Bengaluru 56034",Rajajinagar Ward
BSCM-000355,Residential,Indiranagar,SS-IND-08,FDR-IND-02,LT-1,1-Phase,7.6,2020-04-27,12.886522,77.566626,NB-IoT,v3.1.2,L&T,True,"#739, 100 Feet Road, Indiranagar, Bengaluru 56040",Indiranagar Ward
BSCM-000356,Commercial,Rajajinagar,SS-RAJ-04,FDR-RAJ-02,LT-2,3-Phase,21.0,2020-10-12,13.042806,77.61074,RF Mesh,v3.2.0,HPL,True,"#740, Dr Rajkumar Road, Rajajinagar, Bengaluru 56034",Rajajinagar Ward
BSCM-000357,Residential,Indiranagar,SS-IND-08,FDR-IND-03,LT-1,1-Phase,5.8,2021-10-02,13.007291,77.510546,RF Mesh,v4.0.1,HPL,True,"#741, 100 Feet Road, Indiranagar, Bengaluru 56040",Indiranagar Ward
BSCM-000358,Commercial,Indiranagar,SS-IND-08,FDR-IND-01,LT-2,3-Phase,31.2,2021-09-12,13.048598,77.646174,NB-IoT,v3.2.0,Secure,True,"#742, 100 Feet Road, Indiranagar, Bengaluru 56040",Indiranagar Ward
BSCM-000359,Industrial,Hebbal,SS-HEB-05,FDR-HEB-03,HT-1,3-Phase,1564.5,2020-04-03,12.97498,77.671486,PLC,v3.1.2,Secure,True,"#743, Bellary Road, Hebbal, Bengaluru 56034",Hebbal Ward
BSCM-000360,Commercial,Rajajinagar,SS-RAJ-04,FDR-RAJ-03,LT-2,3-Phase,30.9,2022-04-27,13.039174,77.701381,NB-IoT,v3.2.0,Secure,True,"#735, Dr Rajkumar Road, Rajajinagar, Bengaluru 56034",Rajajinagar Ward
BSCM-000361,Residential,Koramangala,SS-KOR-02,FDR-KOR-01,LT-1,1-Phase,9.2,2021-07-07,13.024259,77.547444,GPRS,v4.0.1,Genus,True,"#736, 80 Feet Road, Koramangala, Bengaluru 56038",Koramangala Ward
BSCM-000362,Commercial,Jayanagar,SS-JAY-03,FDR-JAY-03,LT-2,3-Phase,24.0,2022-01-08,12.941778,77.50018,NB-IoT,v3.2.0,Secure,True,"#737, 11th Main Road, Jayanagar, Bengaluru 56010",Jayanagar Ward
BSCM-000363,Residential,Jayanagar,SS-JAY-03,FDR-JAY-03,LT-1,1-Phase,4.6,2021-07-31,12.897467,77.670806,GPRS,v4.0.1,Genus,True,"#738, 11th Main Road, Jayanagar, Bengaluru 56010",Jayanagar Ward
BSCM-000364,Residential,Rajajinagar,SS-RAJ-04,FDR-RAJ-01,LT-1,1-Phase,2.4,2022-07-19,12.876764,77.547904,RF Mesh,v4.1.0,HPL,True,"#739, Dr Rajkumar Road, Rajajinagar, Bengaluru 56034",Rajajinagar Ward
BSCM-000365,Industrial,Rajajinagar,SS-RAJ-04,FDR-RAJ-02,HT-2,3-Phase,234.7,2022-08-24,12.902185,77.622851,RF Mesh,v4.1.0,Secure,True,"#740, Dr Rajkumar Road, Rajajinagar, Bengaluru 56034",Rajajinagar Ward
BSCM-000366,Residential,BTM Layout,SS-BTM-10,FDR-BTM-02,LT-1,1-Phase,8.4,2020-11-07,13.033575,77.708614,RF Mesh,v3.2.0,L&T,True,"#741, 16th Main Road, BTM Layout, Bengaluru 56087",BTM Layout Ward
BSCM-000367,Agricultural,Hebbal,SS-HEB-05,FDR-HEB-03,LT-5,1-Phase,10.5,2020-10-04,12.894724,77.687299,NB-IoT,v3.1.2,L&T,True,"#742, Bellary Road, Hebbal, Bengaluru 56034",Hebbal Ward
BSCM-000368,Industrial,Rajajinagar,SS-RAJ-04,FDR-RAJ-03,HT-1,3-Phase,442.8,2020-07-11,12.934378,77.539544,NB-IoT,v4.0.1,Genus,True,"#743, Dr Rajkumar Road, Rajajinagar, Bengaluru 56034",Rajajinagar Ward
BSCM-000369,Residential,BTM Layout,SS-BTM-10,FDR-BTM-02,LT-1,1-Phase,8.1,2020-08-10,12.990786,77.553482,PLC,v4.0.1,HPL,True,"#744, 16th Main Road, BTM Layout, Bengaluru 56087",BTM Layout Ward
BSCM-000370,Residential,Indiranagar,SS-IND-08,FDR-IND-03,LT-1,1-Phase,9.9,2022-09-23,12.92546,77.575083,GPRS,v3.2.0,Genus,True,"#736, 100 Feet Road, Indiranagar, Bengaluru 56040",Indiranagar Ward
BSCM-000371,Residential,Electronic City,SS-ELE-06,FDR-ELE-03,LT-1,1-Phase,9.4,2021-05-16,12.873572,77.615092,GPRS,v3.2.0,Genus,True,"#737, Neeladri Road, Electronic City, Bengaluru 56033",Electronic City Ward
BSCM-000372,Residential,Electronic City,SS-ELE-06,FDR-ELE-01,LT-1,1-Phase,8.5,2021-06-26,13.033566,77.680895,NB-IoT,v3.2.0,HPL,True,"#738, Neeladri Road, Electronic City, Bengaluru 56033",Electronic City Ward
BSCM-000373,Residential,Indiranagar,SS-IND-08,FDR-IND-03,LT-1,1-Phase,6.8,2022-05-21,12.869619,77.513981,PLC,v4.0.1,HPL,True,"#739, 100 Feet Road, Indiranagar, Bengaluru 56040",Indiranagar Ward
BSCM-000374,Commercial,Marathahalli,SS-MAR-07,FDR-MAR-01,LT-3,3-Phase,66.9,2022-11-09,12.929829,77.641228,PLC,v3.2.0,Landis+Gyr,True,"#740, BESCOM Service Road, Marathahalli, Bengaluru 56054",Marathahalli Ward
BSCM-000375,Residential,BTM Layout,SS-BTM-10,FDR-BTM-02,LT-1,1-Phase,8.0,2020-06-03,13.046592,77.537003,PLC,v3.1.2,HPL,True,"#741, 16th Main Road, BTM Layout, Bengaluru 56087",BTM Layout Ward
BSCM-000376,Residential,BTM Layout,SS-BTM-10,FDR-BTM-02,LT-1,1-Phase,2.7,2021-06-13,12.883718,77.639824,NB-IoT,v4.1.0,L&T,True,"#742, 16th Main Road, BTM Layout, Bengaluru 56087",BTM Layout Ward
BSCM-000377,Commercial,Indiranagar,SS-IND-08,FDR-IND-03,LT-2,3-Phase,34.0,2021-07-16,12.994005,77.528132,NB-IoT,v4.1.0,Genus,True,"#743, 100 Feet Road, Indiranagar, Bengaluru 56040",Indiranagar Ward
BSCM-000378,Residential,Koramangala,SS-KOR-02,FDR-KOR-03,LT-1,1-Phase,8.2,2022-10-14,13.050699,77.655796,NB-IoT,v3.1.2,Landis+Gyr,True,"#744, 80 Feet Road, Koramangala, Bengaluru 56038",Koramangala Ward
BSCM-000379,Commercial,Yelahanka,SS-YEL-09,FDR-YEL-03,LT-2,3-Phase,14.9,2022-06-10,13.067188,77.705033,RF Mesh,v4.0.1,Secure,True,"#745, Doddaballapur Road, Yelahanka, Bengaluru 56010",Yelahanka Ward
BSCM-000380,Residential,Whitefield,SS-WHI-01,FDR-WHI-02,LT-1,1-Phase,7.9,2021-09-30,12.9872,77.65576,GPRS,v3.1.2,HPL,True,"#737, ITPL Main Road, Whitefield, Bengaluru 56039",Whitefield Ward
BSCM-000381,Residential,Indiranagar,SS-IND-08,FDR-IND-01,LT-1,1-Phase,3.4,2021-06-27,12.863271,77.663689,RF Mesh,v3.1.2,HPL,True,"#738, 100 Feet Road, Indiranagar, Bengaluru 56040",Indiranagar Ward
BSCM-000382,Commercial,Rajajinagar,SS-RAJ-04,FDR-RAJ-03,LT-2,3-Phase,11.7,2020-11-25,12.907792,77.595175,RF Mesh,v4.0.1,HPL,True,"#739, Dr Rajkumar Road, Rajajinagar, Bengaluru 56034",Rajajinagar Ward
BSCM-000383,Commercial,Rajajinagar,SS-RAJ-04,FDR-RAJ-01,LT-2,3-Phase,51.2,2021-10-21,12.911848,77.632354,PLC,v4.1.0,HPL,True,"#740, Dr Rajkumar Road, Rajajinagar, Bengaluru 56034",Rajajinagar Ward
BSCM-000384,Industrial,Hebbal,SS-HEB-05,FDR-HEB-03,HT-1,3-Phase,1992.4,2020-12-12,12.91897,77.515502,PLC,v4.1.0,Secure,True,"#741, Bellary Road, Hebbal, Bengaluru 56034",Hebbal Ward
BSCM-000385,Commercial,Indiranagar,SS-IND-08,FDR-IND-01,LT-3,3-Phase,45.4,2022-01-26,12.980179,77.669499,GPRS,v4.1.0,Landis+Gyr,True,"#742, 100 Feet Road, Indiranagar, Bengaluru 56040",Indiranagar Ward
BSCM-000386,Commercial,Hebbal,SS-HEB-05,FDR-HEB-02,LT-2,3-Phase,21.9,2021-01-27,13.021012,77.550578,GPRS,v4.0.1,L&T,True,"#743, Bellary Road, Hebbal, Bengaluru 56034",Hebbal Ward
BSCM-000387,Residential,Indiranagar,SS-IND-08,FDR-IND-01,LT-1,1-Phase,4.5,2022-01-13,12.929399,77.71991,RF Mesh,v4.0.1,HPL,True,"#744, 100 Feet Road, Indiranagar, Bengaluru 56040",Indiranagar Ward
BSCM-000388,Residential,BTM Layout,SS-BTM-10,FDR-BTM-03,LT-1,1-Phase,3.2,2021-05-21,13.096489,77.654237,GPRS,v3.2.0,Landis+Gyr,True,"#745, 16th Main Road, BTM Layout, Bengaluru 56087",BTM Layout Ward
BSCM-000389,Commercial,Whitefield,SS-WHI-01,FDR-WHI-03,LT-2,3-Phase,86.2,2020-03-31,12.895994,77.596865,NB-IoT,v3.2.0,Landis+Gyr,True,"#746, ITPL Main Road, Whitefield, Bengaluru 56039",Whitefield Ward
BSCM-000390,Commercial,BTM Layout,SS-BTM-10,FDR-BTM-01,LT-2,3-Phase,30.0,2021-05-29,12.901141,77.54427,NB-IoT,v4.1.0,Genus,True,"#738, 16th Main Road, BTM Layout, Bengaluru 56087",BTM Layout Ward
BSCM-000391,Agricultural,Yelahanka,SS-YEL-09,FDR-YEL-02,LT-5,1-Phase,11.6,2020-08-25,12.948538,77.734785,RF Mesh,v3.1.2,HPL,True,"#739, Doddaballapur Road, Yelahanka, Bengaluru 56010",Yelahanka Ward
BSCM-000392,Residential,Electronic City,SS-ELE-06,FDR-ELE-01,LT-1,1-Phase,6.3,2020-01-05,13.04129,77.740648,GPRS,v4.0.1,HPL,True,"#740, Neeladri Road, Electronic City, Bengaluru 56033",Electronic City Ward
BSCM-000393,Residential,Jayanagar,SS-JAY-03,FDR-JAY-02,LT-1,1-Phase,3.3,2020-05-02,13.075919,77.615895,NB-IoT,v3.1.2,L&T,True,"#741, 11th Main Road, Jayanagar, Bengaluru 56010",Jayanagar Ward
BSCM-000394,Commercial,Indiranagar,SS-IND-08,FDR-IND-03,LT-2,3-Phase,39.1,2022-02-28,13.074154,77.723949,NB-IoT,v3.1.2,Genus,True,"#742, 100 Feet Road, Indiranagar, Bengaluru 56040",Indiranagar Ward
BSCM-000395,Residential,Yelahanka,SS-YEL-09,FDR-YEL-03,LT-1,1-Phase,7.7,2022-01-01,12.940736,77.630954,NB-IoT,v3.2.0,HPL,True,"#743, Doddaballapur Road, Yelahanka, Bengaluru 56010",Yelahanka Ward
BSCM-000396,Industrial,Electronic City,SS-ELE-06,FDR-ELE-01,HT-1,3-Phase,385.2,2021-01-15,12.894717,77.678012,NB-IoT,v4.0.1,Genus,True,"#744, Neeladri Road, Electronic City, Bengaluru 56033",Electronic City Ward
BSCM-000397,Industrial,Marathahalli,SS-MAR-07,FDR-MAR-02,HT-2,3-Phase,485.4,2021-11-27,12.913278,77.614661,NB-IoT,v3.1.2,L&T,True,"#745, BESCOM Service Road, Marathahalli, Bengaluru 56054",Marathahalli Ward
BSCM-000398,Residential,Whitefield,SS-WHI-01,FDR-WHI-03,LT-1,1-Phase,5.6,2020-04-02,13.070542,77.569528,GPRS,v3.1.2,Landis+Gyr,True,"#746, ITPL Main Road, Whitefield, Bengaluru 56039",Whitefield Ward
BSCM-000399,Commercial,Hebbal,SS-HEB-05,FDR-HEB-01,LT-2,3-Phase,70.0,2022-02-08,13.080096,77.512258,NB-IoT,v3.2.0,Landis+Gyr,True,"#747, Bellary Road, Hebbal, Bengaluru 56034",Hebbal Ward
BSCM-000400,Commercial,Hebbal,SS-HEB-05,FDR-HEB-03,LT-2,3-Phase,77.4,2021-12-04,13.042128,77.580705,NB-IoT,v3.1.2,HPL,True,"#730, Bellary Road, Hebbal, Bengaluru 56034",Hebbal Ward
BSCM-000401,Residential,BTM Layout,SS-BTM-10,FDR-BTM-02,LT-1,1-Phase,3.0,2022-03-02,12.902461,77.552263,RF Mesh,v3.1.2,L&T,True,"#731, 16th Main Road, BTM Layout, Bengaluru 56087",BTM Layout Ward
BSCM-000402,Industrial,Rajajinagar,SS-RAJ-04,FDR-RAJ-01,HT-2,3-Phase,1597.6,2020-03-17,12.956763,77.711949,PLC,v4.0.1,Landis+Gyr,True,"#732, Dr Rajkumar Road, Rajajinagar, Bengaluru 56034",Rajajinagar Ward
BSCM-000403,Residential,Electronic City,SS-ELE-06,FDR-ELE-03,LT-1,1-Phase,5.9,2020-02-17,13.094814,77.500395,RF Mesh,v4.1.0,Secure,True,"#733, Neeladri Road, Electronic City, Bengaluru 56033",Electronic City Ward
BSCM-000404,Commercial,Marathahalli,SS-MAR-07,FDR-MAR-03,LT-2,3-Phase,40.0,2020-08-05,12.852824,77.550297,PLC,v4.0.1,Secure,True,"#734, BESCOM Service Road, Marathahalli, Bengaluru 56054",Marathahalli Ward
BSCM-000405,Residential,Yelahanka,SS-YEL-09,FDR-YEL-02,LT-1,1-Phase,2.9,2022-11-20,13.090028,77.708011,GPRS,v4.0.1,Genus,True,"#735, Doddaballapur Road, Yelahanka, Bengaluru 56010",Yelahanka Ward
BSCM-000406,Industrial,Whitefield,SS-WHI-01,FDR-WHI-02,HT-1,3-Phase,1291.7,2022-09-21,12.984242,77.583777,NB-IoT,v3.1.2,L&T,True,"#736, ITPL Main Road, Whitefield, Bengaluru 56039",Whitefield Ward
BSCM-000407,Residential,Electronic City,SS-ELE-06,FDR-ELE-02,LT-1,1-Phase,3.7,2022-10-25,12.938399,77.742403,PLC,v3.1.2,Genus,False,"#737, Neeladri Road, Electronic City, Bengaluru 56033",Electronic City Ward
BSCM-000408,Residential,Marathahalli,SS-MAR-07,FDR-MAR-01,LT-1,1-Phase,3.5,2020-09-26,13.064455,77.67746,PLC,v4.1.0,Secure,True,"#738, BESCOM Service Road, Marathahalli, Bengaluru 56054",Marathahalli Ward
BSCM-000409,Industrial,Jayanagar,SS-JAY-03,FDR-JAY-02,HT-1,3-Phase,313.2,2021-03-23,13.044448,77.728338,NB-IoT,v3.1.2,HPL,True,"#739, 11th Main Road, Jayanagar, Bengaluru 56010",Jayanagar Ward
BSCM-000410,Residential,Indiranagar,SS-IND-08,FDR-IND-02,LT-1,1-Phase,7.9,2020-03-17,13.06795,77.705535,GPRS,v3.2.0,Secure,True,"#731, 100 Feet Road, Indiranagar, Bengaluru 56040",Indiranagar Ward
BSCM-000411,Residential,Hebbal,SS-HEB-05,FDR-HEB-03,LT-1,1-Phase,2.0,2022-04-09,12.871769,77.616719,RF Mesh,v3.1.2,L&T,True,"#732, Bellary Road, Hebbal, Bengaluru 56034",Hebbal Ward
BSCM-000412,Agricultural,Yelahanka,SS-YEL-09,FDR-YEL-01,LT-5,1-Phase,6.4,2021-03-03,12.983069,77.693197,RF Mesh,v4.0.1,Landis+Gyr,True,"#733, Doddaballapur Road, Yelahanka, Bengaluru 56010",Yelahanka Ward
BSCM-000413,Agricultural,Hebbal,SS-HEB-05,FDR-HEB-03,LT-5,1-Phase,6.3,2020-01-15,13.085819,77.701001,GPRS,v3.2.0,Secure,True,"#734, Bellary Road, Hebbal, Bengaluru 56034",Hebbal Ward
BSCM-000414,Commercial,Yelahanka,SS-YEL-09,FDR-YEL-03,LT-3,3-Phase,12.6,2020-06-07,12.9459,77.52153,NB-IoT,v3.2.0,L&T,True,"#735, Doddaballapur Road, Yelahanka, Bengaluru 56010",Yelahanka Ward
BSCM-000415,Commercial,BTM Layout,SS-BTM-10,FDR-BTM-03,LT-2,3-Phase,38.1,2020-06-02,13.017718,77.633371,NB-IoT,v3.2.0,Secure,True,"#736, 16th Main Road, BTM Layout, Bengaluru 56087",BTM Layout Ward
BSCM-000416,Residential,Rajajinagar,SS-RAJ-04,FDR-RAJ-02,LT-1,1-Phase,5.6,2022-05-17,12.907924,77.555949,PLC,v4.0.1,HPL,True,"#737, Dr Rajkumar Road, Rajajinagar, Bengaluru 56034",Rajajinagar Ward
BSCM-000417,Residential,Yelahanka,SS-YEL-09,FDR-YEL-02,LT-1,1-Phase,5.6,2021-02-05,12.96531,77.5427,PLC,v3.2.0,L&T,True,"#738, Doddaballapur Road, Yelahanka, Bengaluru 56010",Yelahanka Ward
BSCM-000418,Residential,Hebbal,SS-HEB-05,FDR-HEB-01,LT-1,1-Phase,6.4,2021-02-03,12.997634,77.559644,GPRS,v3.2.0,HPL,True,"#739, Bellary Road, Hebbal, Bengaluru 56034",Hebbal Ward
BSCM-000419,Commercial,BTM Layout,SS-BTM-10,FDR-BTM-03,LT-2,3-Phase,49.2,2020-07-03,12.909039,77.665653,RF Mesh,v4.1.0,Secure,True,"#740, 16th Main Road, BTM Layout, Bengaluru 56087",BTM Layout Ward
BSCM-000420,Commercial,Yelahanka,SS-YEL-09,FDR-YEL-03,LT-2,3-Phase,25.9,2022-05-17,12.877186,77.703517,NB-IoT,v4.0.1,HPL,True,"#732, Doddaballapur Road, Yelahanka, Bengaluru 56010",Yelahanka Ward
BSCM-000421,Commercial,Jayanagar,SS-JAY-03,FDR-JAY-01,LT-2,3-Phase,91.3,2022-02-21,12.886681,77.537304,PLC,v4.1.0,L&T,True,"#733, 11th Main Road, Jayanagar, Bengaluru 56010",Jayanagar Ward
BSCM-000422,Commercial,Rajajinagar,SS-RAJ-04,FDR-RAJ-03,LT-2,3-Phase,81.5,2021-02-22,13.084169,77.679448,PLC,v3.1.2,L&T,True,"#734, Dr Rajkumar Road, Rajajinagar, Bengaluru 56034",Rajajinagar Ward
BSCM-000423,Residential,Yelahanka,SS-YEL-09,FDR-YEL-02,LT-1,1-Phase,8.8,2022-03-16,12.850211,77.640008,PLC,v3.1.2,Genus,True,"#735, Doddaballapur Road, Yelahanka, Bengaluru 56010",Yelahanka Ward
BSCM-000424,Residential,BTM Layout,SS-BTM-10,FDR-BTM-03,LT-1,1-Phase,7.0,2020-09-16,12.902804,77.543353,GPRS,v3.2.0,L&T,True,"#736, 16th Main Road, BTM Layout, Bengaluru 56087",BTM Layout Ward
BSCM-000425,Residential,Electronic City,SS-ELE-06,FDR-ELE-02,LT-1,1-Phase,4.3,2022-01-21,13.012097,77.535999,NB-IoT,v4.1.0,Landis+Gyr,True,"#737, Neeladri Road, Electronic City, Bengaluru 56033",Electronic City Ward
BSCM-000426,Residential,Koramangala,SS-KOR-02,FDR-KOR-02,LT-1,1-Phase,9.1,2020-05-13,12.963599,77.606031,NB-IoT,v4.1.0,Genus,True,"#738, 80 Feet Road, Koramangala, Bengaluru 56038",Koramangala Ward
BSCM-000427,Residential,Marathahalli,SS-MAR-07,FDR-MAR-01,LT-1,1-Phase,8.8,2020-02-16,12.986542,77.591743,RF Mesh,v4.1.0,Genus,True,"#739, BESCOM Service Road, Marathahalli, Bengaluru 56054",Marathahalli Ward
BSCM-000428,Industrial,Koramangala,SS-KOR-02,FDR-KOR-03,HT-1,3-Phase,1968.8,2022-06-22,13.044717,77.616234,RF Mesh,v3.1.2,Landis+Gyr,True,"#740, 80 Feet Road, Koramangala, Bengaluru 56038",Koramangala Ward
BSCM-000429,Residential,Koramangala,SS-KOR-02,FDR-KOR-03,LT-1,1-Phase,7.5,2022-06-26,13.075896,77.633758,RF Mesh,v4.1.0,HPL,True,"#741, 80 Feet Road, Koramangala, Bengaluru 56038",Koramangala Ward
BSCM-000430,Residential,Whitefield,SS-WHI-01,FDR-WHI-03,LT-1,1-Phase,5.4,2021-01-23,12.858832,77.730716,PLC,v4.0.1,Secure,True,"#733, ITPL Main Road, Whitefield, Bengaluru 56039",Whitefield Ward
BSCM-000431,Residential,Jayanagar,SS-JAY-03,FDR-JAY-03,LT-1,1-Phase,7.3,2022-08-19,12.97119,77.531705,RF Mesh,v4.0.1,Genus,True,"#734, 11th Main Road, Jayanagar, Bengaluru 56010",Jayanagar Ward
BSCM-000432,Commercial,Electronic City,SS-ELE-06,FDR-ELE-02,LT-2,3-Phase,64.3,2022-11-03,13.014789,77.592442,GPRS,v4.0.1,Landis+Gyr,True,"#735, Neeladri Road, Electronic City, Bengaluru 56033",Electronic City Ward
BSCM-000433,Commercial,Indiranagar,SS-IND-08,FDR-IND-01,LT-2,3-Phase,97.1,2020-12-30,13.059404,77.68819,NB-IoT,v4.1.0,Landis+Gyr,True,"#736, 100 Feet Road, Indiranagar, Bengaluru 56040",Indiranagar Ward
BSCM-000434,Residential,Yelahanka,SS-YEL-09,FDR-YEL-01,LT-1,1-Phase,6.6,2021-09-27,13.054883,77.513131,NB-IoT,v4.1.0,HPL,True,"#737, Doddaballapur Road, Yelahanka, Bengaluru 56010",Yelahanka Ward
BSCM-000435,Residential,Marathahalli,SS-MAR-07,FDR-MAR-03,LT-1,1-Phase,5.0,2021-08-11,13.067569,77.502966,NB-IoT,v4.1.0,Genus,True,"#738, BESCOM Service Road, Marathahalli, Bengaluru 56054",Marathahalli Ward
BSCM-000436,Commercial,Rajajinagar,SS-RAJ-04,FDR-RAJ-01,LT-2,3-Phase,67.4,2022-05-17,13.079511,77.714589,PLC,v4.0.1,Genus,True,"#739, Dr Rajkumar Road, Rajajinagar, Bengaluru 56034",Rajajinagar Ward
BSCM-000437,Residential,Electronic City,SS-ELE-06,FDR-ELE-03,LT-1,1-Phase,5.7,2020-09-22,13.042624,77.629988,GPRS,v4.0.1,L&T,True,"#740, Neeladri Road, Electronic City, Bengaluru 56033",Electronic City Ward
BSCM-000438,Commercial,Hebbal,SS-HEB-05,FDR-HEB-01,LT-2,3-Phase,57.3,2022-11-08,13.031313,77.562974,RF Mesh,v3.1.2,L&T,True,"#741, Bellary Road, Hebbal, Bengaluru 56034",Hebbal Ward
BSCM-000439,Commercial,Indiranagar,SS-IND-08,FDR-IND-03,LT-3,3-Phase,67.4,2021-09-14,13.06411,77.532477,GPRS,v3.1.2,Landis+Gyr,True,"#742, 100 Feet Road, Indiranagar, Bengaluru 56040",Indiranagar Ward
BSCM-000440,Residential,Whitefield,SS-WHI-01,FDR-WHI-01,LT-1,1-Phase,9.4,2020-05-18,13.04247,77.580851,GPRS,v3.1.2,Genus,True,"#734, ITPL Main Road, Whitefield, Bengaluru 56039",Whitefield Ward
BSCM-000441,Residential,Whitefield,SS-WHI-01,FDR-WHI-02,LT-1,1-Phase,4.1,2022-08-01,13.094855,77.550167,NB-IoT,v3.2.0,HPL,True,"#735, ITPL Main Road, Whitefield, Bengaluru 56039",Whitefield Ward
BSCM-000442,Agricultural,Electronic City,SS-ELE-06,FDR-ELE-02,LT-5,1-Phase,6.1,2021-09-11,12.858715,77.517603,PLC,v4.1.0,Secure,True,"#736, Neeladri Road, Electronic City, Bengaluru 56033",Electronic City Ward
BSCM-000443,Residential,BTM Layout,SS-BTM-10,FDR-BTM-03,LT-1,1-Phase,9.5,2022-12-01,13.076154,77.64366,NB-IoT,v4.1.0,HPL,True,"#737, 16th Main Road, BTM Layout, Bengaluru 56087",BTM Layout Ward
BSCM-000444,Residential,Koramangala,SS-KOR-02,FDR-KOR-01,LT-1,1-Phase,2.0,2021-08-27,12.991811,77.733761,PLC,v4.0.1,Genus,True,"#738, 80 Feet Road, Koramangala, Bengaluru 56038",Koramangala Ward
BSCM-000445,Commercial,Hebbal,SS-HEB-05,FDR-HEB-03,LT-2,3-Phase,86.8,2022-05-31,13.040113,77.57249,GPRS,v3.2.0,L&T,True,"#739, Bellary Road, Hebbal, Bengaluru 56034",Hebbal Ward
BSCM-000446,Industrial,Whitefield,SS-WHI-01,FDR-WHI-01,HT-1,3-Phase,1298.2,2021-03-30,12.871216,77.658198,GPRS,v3.2.0,Secure,True,"#740, ITPL Main Road, Whitefield, Bengaluru 56039",Whitefield Ward
BSCM-000447,Agricultural,Marathahalli,SS-MAR-07,FDR-MAR-03,LT-5,1-Phase,6.7,2021-08-01,12.983485,77.708563,NB-IoT,v3.1.2,Secure,True,"#741, BESCOM Service Road, Marathahalli, Bengaluru 56054",Marathahalli Ward
BSCM-000448,Commercial,Whitefield,SS-WHI-01,FDR-WHI-03,LT-2,3-Phase,29.1,2022-09-06,13.085022,77.71755,GPRS,v3.2.0,Secure,True,"#742, ITPL Main Road, Whitefield, Bengaluru 56039",Whitefield Ward
BSCM-000449,Residential,Rajajinagar,SS-RAJ-04,FDR-RAJ-03,LT-1,1-Phase,5.8,2022-10-24,12.882634,77.543062,RF Mesh,v4.0.1,Secure,True,"#743, Dr Rajkumar Road, Rajajinagar, Bengaluru 56034",Rajajinagar Ward
BSCM-000450,Residential,Yelahanka,SS-YEL-09,FDR-YEL-03,LT-1,1-Phase,8.5,2022-07-25,12.905143,77.701113,NB-IoT,v4.0.1,HPL,True,"#735, Doddaballapur Road, Yelahanka, Bengaluru 56010",Yelahanka Ward
BSCM-000451,Commercial,Whitefield,SS-WHI-01,FDR-WHI-03,LT-3,3-Phase,96.8,2022-02-24,12.893362,77.515805,PLC,v3.2.0,HPL,True,"#736, ITPL Main Road, Whitefield, Bengaluru 56039",Whitefield Ward
BSCM-000452,Commercial,Rajajinagar,SS-RAJ-04,FDR-RAJ-01,LT-2,3-Phase,62.4,2020-06-17,13.008049,77.594033,GPRS,v3.1.2,HPL,True,"#737, Dr Rajkumar Road, Rajajinagar, Bengaluru 56034",Rajajinagar Ward
BSCM-000453,Residential,Electronic City,SS-ELE-06,FDR-ELE-01,LT-1,1-Phase,5.3,2021-04-30,12.90154,77.659956,NB-IoT,v4.1.0,Landis+Gyr,True,"#738, Neeladri Road, Electronic City, Bengaluru 56033",Electronic City Ward
BSCM-000454,Industrial,Electronic City,SS-ELE-06,FDR-ELE-01,HT-2,3-Phase,267.2,2021-11-29,12.9253,77.604696,GPRS,v3.2.0,Secure,False,"#739, Neeladri Road, Electronic City, Bengaluru 56033",Electronic City Ward
BSCM-000455,Residential,Indiranagar,SS-IND-08,FDR-IND-03,LT-1,1-Phase,8.9,2020-11-21,13.006616,77.552027,RF Mesh,v3.2.0,Secure,True,"#740, 100 Feet Road, Indiranagar, Bengaluru 56040",Indiranagar Ward
BSCM-000456,Residential,Whitefield,SS-WHI-01,FDR-WHI-02,LT-1,1-Phase,3.4,2020-02-18,12.921266,77.608668,PLC,v4.1.0,Secure,True,"#741, ITPL Main Road, Whitefield, Bengaluru 56039",Whitefield Ward
BSCM-000457,Residential,Marathahalli,SS-MAR-07,FDR-MAR-03,LT-1,1-Phase,3.3,2021-12-07,12.908825,77.611205,PLC,v4.1.0,Landis+Gyr,True,"#742, BESCOM Service Road, Marathahalli, Bengaluru 56054",Marathahalli Ward
BSCM-000458,Residential,Whitefield,SS-WHI-01,FDR-WHI-01,LT-1,1-Phase,4.6,2022-04-21,12.943883,77.555166,NB-IoT,v4.1.0,Secure,True,"#743, ITPL Main Road, Whitefield, Bengaluru 56039",Whitefield Ward
BSCM-000459,Residential,Marathahalli,SS-MAR-07,FDR-MAR-03,LT-1,1-Phase,3.4,2020-05-15,12.939648,77.567424,PLC,v3.2.0,Secure,True,"#744, BESCOM Service Road, Marathahalli, Bengaluru 56054",Marathahalli Ward
BSCM-000460,Residential,Jayanagar,SS-JAY-03,FDR-JAY-01,LT-1,1-Phase,8.8,2022-04-19,13.071602,77.650909,GPRS,v3.2.0,Secure,True,"#736, 11th Main Road, Jayanagar, Bengaluru 56010",Jayanagar Ward
BSCM-000461,Residential,Indiranagar,SS-IND-08,FDR-IND-01,LT-1,1-Phase,8.7,2020-04-07,12.911664,77.581824,GPRS,v3.2.0,L&T,True,"#737, 100 Feet Road, Indiranagar, Bengaluru 56040",Indiranagar Ward
BSCM-000462,Commercial,Jayanagar,SS-JAY-03,FDR-JAY-01,LT-2,3-Phase,76.0,2022-09-11,12.94858,77.702429,RF Mesh,v4.1.0,HPL,True,"#738, 11th Main Road, Jayanagar, Bengaluru 56010",Jayanagar Ward
BSCM-000463,Commercial,Whitefield,SS-WHI-01,FDR-WHI-01,LT-2,3-Phase,21.9,2020-08-22,12.872682,77.619946,PLC,v3.2.0,HPL,True,"#739, ITPL Main Road, Whitefield, Bengaluru 56039",Whitefield Ward
BSCM-000464,Commercial,Indiranagar,SS-IND-08,FDR-IND-01,LT-2,3-Phase,22.5,2020-05-15,13.067888,77.656703,RF Mesh,v3.1.2,HPL,True,"#740, 100 Feet Road, Indiranagar, Bengaluru 56040",Indiranagar Ward
BSCM-000465,Agricultural,Jayanagar,SS-JAY-03,FDR-JAY-01,LT-5,1-Phase,9.5,2021-04-04,13.04862,77.696923,RF Mesh,v4.0.1,Secure,True,"#741, 11th Main Road, Jayanagar, Bengaluru 56010",Jayanagar Ward
BSCM-000466,Residential,Koramangala,SS-KOR-02,FDR-KOR-02,LT-1,1-Phase,2.9,2022-08-19,12.893817,77.639698,RF Mesh,v3.2.0,Landis+Gyr,False,"#742, 80 Feet Road, Koramangala, Bengaluru 56038",Koramangala Ward
BSCM-000467,Residential,Whitefield,SS-WHI-01,FDR-WHI-01,LT-1,1-Phase,7.9,2020-03-28,13.038293,77.690221,PLC,v4.0.1,Genus,True,"#743, ITPL Main Road, Whitefield, Bengaluru 56039",Whitefield Ward
BSCM-000468,Industrial,Jayanagar,SS-JAY-03,FDR-JAY-01,HT-1,3-Phase,1052.8,2022-07-26,12.967541,77.632976,PLC,v4.1.0,L&T,True,"#744, 11th Main Road, Jayanagar, Bengaluru 56010",Jayanagar Ward
BSCM-000469,Residential,Koramangala,SS-KOR-02,FDR-KOR-03,LT-1,1-Phase,3.5,2022-07-21,12.894703,77.739564,RF Mesh,v3.1.2,Landis+Gyr,True,"#745, 80 Feet Road, Koramangala, Bengaluru 56038",Koramangala Ward
BSCM-000470,Agricultural,Koramangala,SS-KOR-02,FDR-KOR-02,LT-5,1-Phase,6.5,2022-01-28,13.092394,77.635359,GPRS,v4.1.0,Genus,True,"#737, 80 Feet Road, Koramangala, Bengaluru 56038",Koramangala Ward
BSCM-000471,Residential,Electronic City,SS-ELE-06,FDR-ELE-01,LT-1,1-Phase,3.5,2021-04-14,12.979905,77.583969,PLC,v4.0.1,HPL,True,"#738, Neeladri Road, Electronic City, Bengaluru 56033",Electronic City Ward
BSCM-000472,Agricultural,Whitefield,SS-WHI-01,FDR-WHI-03,LT-5,1-Phase,6.7,2020-06-04,13.047317,77.556695,PLC,v4.0.1,Secure,True,"#739, ITPL Main Road, Whitefield, Bengaluru 56039",Whitefield Ward
BSCM-000473,Residential,Koramangala,SS-KOR-02,FDR-KOR-01,LT-1,1-Phase,7.7,2022-01-07,13.023215,77.666589,GPRS,v3.2.0,Landis+Gyr,True,"#740, 80 Feet Road, Koramangala, Bengaluru 56038",Koramangala Ward
BSCM-000474,Industrial,Electronic City,SS-ELE-06,FDR-ELE-03,HT-2,3-Phase,489.8,2022-03-18,13.016388,77.744506,GPRS,v4.0.1,HPL,True,"#741, Neeladri Road, Electronic City, Bengaluru 56033",Electronic City Ward
BSCM-000475,Residential,Jayanagar,SS-JAY-03,FDR-JAY-02,LT-1,1-Phase,9.4,2022-03-29,12.96451,77.580054,RF Mesh,v4.0.1,Genus,True,"#742, 11th Main Road, Jayanagar, Bengaluru 56010",Jayanagar Ward
BSCM-000476,Agricultural,Rajajinagar,SS-RAJ-04,FDR-RAJ-03,LT-5,1-Phase,7.1,2022-02-04,12.878079,77.619745,RF Mesh,v3.2.0,L&T,True,"#743, Dr Rajkumar Road, Rajajinagar, Bengaluru 56034",Rajajinagar Ward
BSCM-000477,Residential,Whitefield,SS-WHI-01,FDR-WHI-03,LT-1,1-Phase,5.6,2021-09-07,12.995858,77.555536,PLC,v3.2.0,Secure,True,"#744, ITPL Main Road, Whitefield, Bengaluru 56039",Whitefield Ward
BSCM-000478,Commercial,Indiranagar,SS-IND-08,FDR-IND-03,LT-3,3-Phase,45.5,2022-06-07,12.977889,77.514012,PLC,v4.1.0,Landis+Gyr,True,"#745, 100 Feet Road, Indiranagar, Bengaluru 56040",Indiranagar Ward
BSCM-000479,Agricultural,Marathahalli,SS-MAR-07,FDR-MAR-02,LT-5,1-Phase,8.3,2020-10-30,12.990258,77.553924,NB-IoT,v4.1.0,HPL,True,"#746, BESCOM Service Road, Marathahalli, Bengaluru 56054",Marathahalli Ward
BSCM-000480,Residential,Marathahalli,SS-MAR-07,FDR-MAR-02,LT-1,1-Phase,3.1,2020-08-06,12.968653,77.716881,PLC,v3.1.2,L&T,True,"#738, BESCOM Service Road, Marathahalli, Bengaluru 56054",Marathahalli Ward
BSCM-000481,Commercial,Jayanagar,SS-JAY-03,FDR-JAY-02,LT-2,3-Phase,60.0,2021-05-22,12.884232,77.546502,NB-IoT,v4.0.1,L&T,True,"#739, 11th Main Road, Jayanagar, Bengaluru 56010",Jayanagar Ward
BSCM-000482,Commercial,BTM Layout,SS-BTM-10,FDR-BTM-02,LT-3,3-Phase,76.6,2021-03-20,12.888506,77.575042,NB-IoT,v3.1.2,Genus,True,"#740, 16th Main Road, BTM Layout, Bengaluru 56087",BTM Layout Ward
BSCM-000483,Residential,BTM Layout,SS-BTM-10,FDR-BTM-03,LT-1,1-Phase,2.2,2021-07-19,12.999723,77.59044,NB-IoT,v4.1.0,Genus,True,"#741, 16th Main Road, BTM Layout, Bengaluru 56087",BTM Layout Ward
BSCM-000484,Commercial,Jayanagar,SS-JAY-03,FDR-JAY-03,LT-2,3-Phase,76.0,2022-04-02,12.995414,77.536534,NB-IoT,v3.2.0,Genus,True,"#742, 11th Main Road, Jayanagar, Bengaluru 56010",Jayanagar Ward
BSCM-000485,Commercial,Koramangala,SS-KOR-02,FDR-KOR-02,LT-2,3-Phase,36.2,2020-12-03,12.898454,77.657007,RF Mesh,v3.2.0,L&T,True,"#743, 80 Feet Road, Koramangala, Bengaluru 56038",Koramangala Ward
BSCM-000486,Industrial,Whitefield,SS-WHI-01,FDR-WHI-03,HT-1,3-Phase,788.8,2021-03-26,12.937907,77.535929,GPRS,v4.0.1,Genus,True,"#744, ITPL Main Road, Whitefield, Bengaluru 56039",Whitefield Ward
BSCM-000487,Residential,Marathahalli,SS-MAR-07,FDR-MAR-01,LT-1,1-Phase,3.7,2022-05-07,12.989664,77.672413,RF Mesh,v4.1.0,HPL,True,"#745, BESCOM Service Road, Marathahalli, Bengaluru 56054",Marathahalli Ward
BSCM-000488,Residential,Marathahalli,SS-MAR-07,FDR-MAR-01,LT-1,1-Phase,5.8,2022-10-28,13.072432,77.649412,PLC,v3.2.0,Genus,True,"#746, BESCOM Service Road, Marathahalli, Bengaluru 56054",Marathahalli Ward
BSCM-000489,Agricultural,Koramangala,SS-KOR-02,FDR-KOR-01,LT-5,1-Phase,4.5,2022-03-14,12.882555,77.519651,RF Mesh,v3.1.2,Secure,True,"#747, 80 Feet Road, Koramangala, Bengaluru 56038",Koramangala Ward
BSCM-000490,Industrial,Marathahalli,SS-MAR-07,FDR-MAR-01,HT-2,3-Phase,1075.6,2021-10-26,12.879731,77.563253,RF Mesh,v4.0.1,Secure,True,"#739, BESCOM Service Road, Marathahalli, Bengaluru 56054",Marathahalli Ward
BSCM-000491,Residential,Indiranagar,SS-IND-08,FDR-IND-03,LT-1,1-Phase,6.7,2021-10-08,12.886389,77.68655,PLC,v4.0.1,Genus,True,"#740, 100 Feet Road, Indiranagar, Bengaluru 56040",Indiranagar Ward
BSCM-000492,Commercial,Whitefield,SS-WHI-01,FDR-WHI-03,LT-2,3-Phase,16.2,2021-07-25,12.98221,77.678953,PLC,v3.2.0,L&T,True,"#741, ITPL Main Road, Whitefield, Bengaluru 56039",Whitefield Ward
BSCM-000493,Residential,Yelahanka,SS-YEL-09,FDR-YEL-01,LT-1,1-Phase,8.8,2020-02-04,13.018381,77.526831,PLC,v4.1.0,HPL,True,"#742, Doddaballapur Road, Yelahanka, Bengaluru 56010",Yelahanka Ward
BSCM-000494,Residential,Marathahalli,SS-MAR-07,FDR-MAR-01,LT-1,1-Phase,3.0,2021-02-27,13.026183,77.639283,RF Mesh,v3.1.2,Genus,True,"#743, BESCOM Service Road, Marathahalli, Bengaluru 56054",Marathahalli Ward
BSCM-000495,Residential,Jayanagar,SS-JAY-03,FDR-JAY-02,LT-1,1-Phase,7.5,2021-03-04,13.096241,77.60699,RF Mesh,v4.1.0,Genus,True,"#744, 11th Main Road, Jayanagar, Bengaluru 56010",Jayanagar Ward
BSCM-000496,Residential,Indiranagar,SS-IND-08,FDR-IND-02,LT-1,1-Phase,5.2,2022-05-01,12.948703,77.673759,RF Mesh,v3.2.0,Secure,True,"#745, 100 Feet Road, Indiranagar, Bengaluru 56040",Indiranagar Ward
BSCM-000497,Commercial,Marathahalli,SS-MAR-07,FDR-MAR-01,LT-2,3-Phase,85.4,2020-08-27,13.028373,77.64548,PLC,v4.1.0,Genus,True,"#746, BESCOM Service Road, Marathahalli, Bengaluru 56054",Marathahalli Ward
BSCM-000498,Residential,Indiranagar,SS-IND-08,FDR-IND-02,LT-1,1-Phase,6.1,2020-03-15,12.972335,77.557705,GPRS,v3.1.2,Secure,True,"#747, 100 Feet Road, Indiranagar, Bengaluru 56040",Indiranagar Ward
BSCM-000499,Agricultural,Electronic City,SS-ELE-06,FDR-ELE-02,LT-5,1-Phase,4.8,2022-10-09,13.005492,77.524083,RF Mesh,v4.1.0,HPL,True,"#748, Neeladri Road, Electronic City, Bengaluru 56033",Electronic City Ward
BSCM-000500,Agricultural,Yelahanka,SS-YEL-09,FDR-YEL-02,LT-5,1-Phase,9.6,2020-02-03,13.088145,77.5079,NB-IoT,v3.1.2,HPL,True,"#731, Doddaballapur Road, Yelahanka, Bengaluru 56010",Yelahanka Ward
